{"error": [1.8251287296629712e-16, 2.868105645814834e-16, 5.437051812375291e-16, 1.077133624423223e-15, 8.107232913535729e-16, 9.129549920245427e-16, 1.0917009081123144e-15, 1.0979723101031112e-15, 1.2877119481534813e-15, 1.28107019207672e-15, 1.3626442160419468e-15, 1.4705484673015943e-15, 1.3665476930052975e-15, 1.4669393194803326e-15, 1.4625389966939442e-15, 1.5384903013133085e-15, 1.5347859527913038e-15, 0.0022948641800627986, 0.007891165474615661, 0.0035995835864408364, 0.026916641812933566, 0.028903954754225268, 0.0686376675170396, 0.0836831938904572, 0.08218496524985479, 0.15235558621921663, 0.15552221719738046, 0.195630360338341, 0.2322373033102586, 0.30839457310705626, 0.3957249425436442, 1.3176065183014092, 0.6492702217469964, 0.42449569970447015, 0.48282915447038843, 0.5107020193696412, 0.5552827388022705, 0.5808435751930697, 0.619675936484703, 0.6297173651898579, 0.6246124070740976, 0.6317969270312008, 0.662159537655116, 0.6544367310822102, 0.669824001485768, 0.6705628155366619, 0.6922000951198558, 0.6906938065788287, 0.7073643628262214, 0.7080171315045267, 0.7294379095503568, 0.7474889020037381, 0.7617281070303238, 0.7655600465285096, 0.8023770697938827, 0.8283718703456802, 0.8249731827119058, 0.8878119698376339, 0.9221026873460922, 1.0045743649739318, 1.0619860700334325, 1.2941473029940613, 1.775828801676815, 13.083763332686518], "cputime": [0.002922571549988788, 0.0020313978666672483, 0.0016085385300084454, 0.0013644517860011546, 0.0012154654599953573, 0.0011198831671364522, 0.0010578093587469083, 0.0010160221177728899, 0.0009922446719838262, 0.0009829879727145784, 0.0009842315116581327, 0.0009939327969158722, 0.0010100156514187932, 0.0010308025479880598, 0.001062655931232257, 0.0010942446788088573, 0.0011314788855396626, 0.0011950582747206346, 0.00207545351398403, 0.0029689980980787197, 0.004974357685439579, 0.006792356017376733, 0.009938765662070637, 0.01425174371238718, 0.01867906238768018, 0.02468707334739385, 0.03592671831105788, 0.04283160430653879, 0.04961075807098556, 0.05954281871611578, 0.06987292155530014, 0.08882841156483637, 0.10684582925998684, 0.12901233330541437, 0.1460428806285985, 0.16193655197890694, 0.17902500948261987, 0.19580600947280893, 0.21223412120423882, 0.22803488797511132, 0.24384365274356026, 0.2592982772834793, 0.27475937628521807, 0.28939502385087973, 0.3037032215080369, 0.3177362721682917, 0.3314373917474946, 0.34465630295734256, 0.3577428163485945, 0.37083548446313147, 0.38380037051960963, 0.39584269765735114, 0.40786245420369666, 0.4197523979785399, 0.43139307381392267, 0.44270465150174665, 0.45407965021085334, 0.46524517178812685, 0.47702679930149133, 0.4886254899055655, 0.5001993230519272, 0.5115723452177695, 0.5230765717909273, 0.5152072635281438]}