{"error": [1.7170879237424202e-16, 0.09470122718225386, 0.18899561850114743, 0.21343479586246272, 0.26563375015504553, 0.31901496270519225, 0.336555625294491, 0.3659503571820949, 0.3649431176583672, 0.40569261264176915, 0.42154916520491903, 0.4489892546247151, 0.46808838860578406, 0.46228258027225627, 0.5173871996227298, 0.4952570731634615, 0.5196347391766889, 0.5307437565935024, 0.5215397406301407, 0.544914437738627, 0.5800939108178906, 0.5738395277440511, 0.5872175904911807, 0.5872942267376008, 0.5820017924684271, 0.6183931341542361, 0.6222544304191145, 0.6545346088527793, 0.6539585614352876, 0.693549879282359, 0.6637556132686462, 0.6795959684163272, 0.6836209851748023, 0.6888593163301897, 0.6958876861376966, 0.7253969386162794, 0.7263327808321647, 0.7291016002857457, 0.7271605821030782, 0.7568138719827828, 0.7861167992409256, 0.8104872386682195, 0.8056404422740848, 0.8187701476806047, 0.820093855867438, 0.8561563771828294, 0.8529866255361036, 0.8930044168904288, 0.9349725753785982, 0.9267954761726568, 0.950057679593542, 0.9997672638858365, 1.011245336428838, 1.0912199292999412, 1.123814828826851, 1.1696155335852847, 1.2681884526147227, 1.4021398876480586, 1.5293940743130077, 1.6804163197111026, 1.86983313482502, 2.449627467584279, 3.471729195679586, 11.48288692700532], "cputime": [0.000557637399979285, 0.0006161865699868941, 0.0006648112599577871, 0.0006930240800375032, 0.0003440999999111227, 0.00018738952999228787, 0.0001999663300375687, 0.0002093858800799353, 0.00022446791995207606, 0.0002390556799946353, 0.0002548714298973209, 0.00026960935996612535, 0.0002896132800196938, 0.00030998419000752617, 0.0003308848700271483, 0.0003483330699509679, 0.00037392221000118295, 0.0003996327699860558, 0.0004260092999356857, 0.0004508791300668236, 0.00048318192002625435, 0.0005124061000151414, 0.0005460091599525185, 0.0005753483999797026, 0.0006101566500001355, 0.0005512792100307707, 0.0005861458900471916, 0.0006070903200361499, 0.0006442951900135085, 0.0006712589000107982, 0.00070760468998742, 0.0007303014899480331, 0.0007686850999652961, 0.0008047711100243759, 0.0008438672100783151, 0.0008255084500069643, 0.0009749403100067866, 0.0009265390400105389, 0.000967136289937116, 0.0020732389799650265, 0.004356781929955105, 0.004568549929917936, 0.004767548070012708, 0.004904270009992615, 0.005102266389994839, 0.005251443819997803, 0.005603367650001019, 0.005552117679962975, 0.005763209650049248, 0.00594375793002655, 0.00622141015996931, 0.005658692529941618, 0.005808866349980235, 0.005978761690021202, 0.006183547210002871, 0.006255332929995348, 0.006477948849997119, 0.006641034990025219, 0.006869089639976665, 0.007183504520025963, 0.007227466479962459, 0.00736842202999469, 0.00765244217003783, 0.007726587670049412]}