{"error": [2.0067106025775776e-16, 4.837462999608177e-16, 6.505733669681884e-16, 7.507790546440717e-16, 8.988534637288352e-16, 9.070538441478246e-16, 1.0518557483772808e-15, 1.0582189380587011e-15, 1.1003329414975177e-15, 1.0310768483806085e-15, 1.1101127699783715e-15, 1.0664602716180428e-15, 1.1190392418084513e-15, 1.1282326223615473e-15, 1.3668666770080629e-15, 0.014091607168990255, 0.009174128611192408, 0.008521799179943704, 0.020769475183471213, 0.027550323122492896, 0.007942137482024157, 0.017348105102404726, 3.6487125412278956, 3.1618940834535993, 2.5416151713440955, 0.7920873117704478, 0.5282329933097826, 0.5418474178417728, 0.5688857017592028, 0.6023275215945774, 0.619058191113039, 0.6315936696900661, 0.641811994262599, 0.6511826601887357, 0.6503998425539217, 0.665553759782195, 0.6680580401228667, 0.6609581287604186, 0.6671642399420583, 0.6787121790399131, 0.6722969116834576, 0.6867520115381031, 0.6865422620322568, 0.6893406336027589, 0.6929882784995816, 0.7013477792536945, 0.6947069482173185, 0.693442325914515, 0.7038431836623592, 0.6998153984635054, 0.6961798867591757, 0.7068058075400154, 0.6987743410037014, 0.6967792124476975, 0.7013200845186279, 0.699254159718112, 0.6975517149345056, 0.7091377252569824, 0.7120914026632583, 0.6975948950642719, 0.7101299991551835, 0.7120447113752896, 0.718763336645923, 0.7156306023657916], "cputime": [0.00034475585001246143, 0.0004584486500152707, 0.000570442920000005, 0.0007349167200072771, 0.0008871119500031455, 0.0011477275999868652, 0.0013991049499941254, 0.0016331145999947693, 0.0017959312299944941, 0.0020753050400139725, 0.0023905081500083724, 0.002782722540002851, 0.0030885191200172813, 0.01487716649001868, 0.016866424710005958, 0.036201807189986536, 0.03486371288999635, 0.046541892019997706, 0.06398875526999745, 0.07649152361999541, 0.08864141540999526, 0.1438258623999991, 0.42621699527999907, 0.6826852280600042, 0.7490630635899993, 0.76047191355, 0.8167801078199887, 0.8430803463100051, 0.8530043590100149, 0.8630570388599881, 0.8729241605199946, 0.8824996780499851, 0.8922636850799927, 0.9330862545499917, 0.9181659736499888, 0.9438357141900088, 0.9263917131600238, 0.9535092757499751, 0.9734169770500148, 0.9617945803900011, 0.9579377971500072, 0.9644698826700142, 0.972242112509989, 0.9785359519500162, 0.9849762675200054, 0.9920554123699913, 0.9975902865700118, 1.003415979970032, 1.0115380607999986, 1.018573720100003, 1.03095559881996, 1.0431107325700122, 1.0561423893300117, 1.0697391670999832, 1.076558183820007, 1.0814576910600318, 1.0854733040599966, 1.088551114239972, 1.0914971312999477, 1.0929029719299979, 1.0959449925499576, 1.098452414859994, 1.1012743597999362, 1.106303246469961]}