{"error": [1.8251287296629712e-16, 2.868105645814834e-16, 5.437051812375291e-16, 1.077133624423223e-15, 8.107232913535729e-16, 9.129549920245427e-16, 1.0917009081123144e-15, 1.0979723101031112e-15, 1.2877119481534813e-15, 1.28107019207672e-15, 1.3626442160419468e-15, 1.4705484673015943e-15, 0.005450976532984284, 0.006642077174483008, 1.4625389966939442e-15, 0.0028134863900100295, 0.009168031791473553, 0.013169658492104335, 0.019607005014272042, 0.01943270847079839, 0.031023031444220334, 0.06167061622305498, 0.10698217285434657, 0.13827002037688257, 0.12798362139860414, 0.2843991707729577, 0.2423014900340982, 0.28180710587190955, 0.3162515303149511, 0.39426888432428947, 0.41083472639690305, 0.42927377705035297, 0.49837468481135944, 0.5480332883920174, 0.5736307227870985, 0.6163914649771484, 0.6046430680835684, 0.6468072034003707, 0.6811854209146232, 0.702252620999954, 0.6870409622529653, 0.7294579741307017, 0.7887273801805389, 0.808297560025681, 0.8014895934169424, 0.8183171462767895, 0.8509386482818124, 0.9105141145144251, 0.9106537724560859, 0.9181067188460469, 0.9855086768633555, 1.0268470485193943, 1.0718245307427545, 1.0847485385828808, 1.1820992156703334, 1.2216618671711763, 1.2856571127424126, 1.4443032969711678, 1.513516880974924, 1.6957316097688226, 2.0069476674098783, 2.4582308667907125, 4.4447072211083, 13.083763332686518], "cputime": [0.00039277868002500325, 9.902663002321788e-05, 0.00014007564000166893, 0.00016446614997221333, 0.00019520841997291427, 0.00023156158997153398, 0.0002540981000493048, 0.0002877727600207436, 0.00032795995001833945, 0.00037591885000438197, 0.00042296498004361637, 0.0004639511100413074, 0.0006379081699924427, 0.0007012189499073429, 0.0006664391000504111, 0.0008322683699952904, 0.001173318909950467, 0.0014288086100168584, 0.002165779079978165, 0.002198050720007814, 0.002984856059993035, 0.003774456709943479, 0.006453930899988336, 0.009092361969978811, 0.010310345359948769, 0.014393592510014059, 0.0129532279900468, 0.014301650290044564, 0.017825218289972328, 0.02159917063996545, 0.024065558980028073, 0.025925106700042305, 0.027034583940012454, 0.028999627160001182, 0.029972342039982322, 0.028355925850009952, 0.2506541623600333, 0.270865487910005, 0.2893392957400556, 0.2949946320399795, 0.4725662114099396, 0.3267334091199973, 0.34228430073999333, 0.34913311613006043, 0.35738353845996246, 0.36839088172996526, 0.3808381895599996, 0.3824276864400326, 0.3916510374199697, 0.40670517123006905, 0.5680178088999582, 0.4047559367300437, 0.42024740782000664, 0.42836676362994697, 0.4381546465200154, 0.45494808124000885, 0.4561941498099986, 0.6181582163799885, 0.4769434710299811, 0.4841656637799588, 0.5036685276699882, 0.50574319559998, 0.5193376673500097, 0.005293816040011734]}