{"error": [1.2434611888242973e-16, 4.222281500509614e-09, 3.815342060513521e-09, 3.7646502349733215e-09, 3.906624827271764e-09, 3.616590162094501e-09, 3.6791264992476987e-09, 3.3690602455206458e-09, 3.5956271253022893e-09, 3.4047195277577727e-09, 3.4684698598806543e-09, 3.559033489309939e-09, 3.5389084463906516e-09, 0.004759942353535538, 0.018547093130390362, 0.0303381600748186, 0.03723791481076237, 0.043022604820590865, 0.07922660881286003, 0.06379334687255607, 0.1665771902368364, 0.15019629014040237, 0.2136992457867772, 0.22591750512476896, 0.3021699325809114, 0.3354928895727043, 0.3652058306513325, 0.37906557202823066, 0.4355950801442372, 0.4796305710247757, 0.4753922701844665, 0.5200610702907302, 0.5259514108833195, 0.5386767652197981, 0.5667818274967145, 0.5679623967440762, 0.5671520797359061, 0.6037775556559895, 0.6150874520026529, 0.6283075580811216, 0.6276251188465443, 0.6548502467558686, 0.6561833794360205, 0.6565478931239542, 0.6803121529948624, 0.6972689708283138, 0.6841451723710154, 0.6939261453709988, 0.6944996194360239, 0.7027989424079277, 0.7119228949749582, 0.6938163403366651, 0.7123574164226534, 0.6969681174117707, 0.712550543186362, 0.7127773203654904, 0.7104430960024708, 0.710305606089656, 0.7198363531473467, 0.7173401457639039, 0.7176678245498409, 0.7183057485758902, 0.7310746029046717, 0.7259533373405525], "cputime": [4.852354999002273e-05, 0.00030041861999393406, 0.0004641959199932444, 0.0006050231399922268, 0.0007307875700007571, 0.0008471469300013724, 0.0009854471399944487, 0.0011306820700019672, 0.001285320449998153, 0.0014137817300013467, 0.0016089328500061128, 0.0017298846399955892, 0.0019384970400051315, 0.0022626064899930044, 0.002414048669999147, 0.0026443095899981017, 0.002900250329998926, 0.003217334080005685, 0.0034564029000023313, 0.0036344316400061414, 0.0037985506899940445, 0.0038998738300062997, 0.003939926280006603, 0.003925078550000762, 0.003960488510006144, 0.003964045839992423, 0.003970487330003607, 0.003959263529999361, 0.0039873181199993725, 0.003989123209997843, 0.003989562109996996, 0.0040082674699988274, 0.004027931639998314, 0.004022789649998231, 0.004037122460008504, 0.004048822979995066, 0.004051797730005547, 0.004079832689994873, 0.004087612930001114, 0.00409761148000598, 0.00411040044000174, 0.004109266340000204, 0.004129881780005462, 0.004119694429998617, 0.004145811840007809, 0.0041526712700124336, 0.004175624499999912, 0.0041813375799983985, 0.004186954879997984, 0.004195145199992112, 0.004198711070000627, 0.004201860240004862, 0.0042241539599933734, 0.004224061210003356, 0.004240412380000862, 0.004253025749995913, 0.004289824589998261, 0.004319271779988867, 0.0043403214299974026, 0.004274690309998732, 0.004266548080008761, 0.004263675910004849, 0.0042768199000067855, 0.004270454799998333]}