{"error": [1.0822879285251006e-16, 3.731941164385466e-09, 4.625292484215746e-09, 4.851380147046296e-09, 4.298252600132054e-09, 4.765595047276804e-09, 0.0008344481157697732, 0.00033881940499697554, 0.0015983000752910039, 0.0031735650720486493, 0.022619963081768186, 0.02666877819072901, 0.06960859987658247, 0.07400851170893578, 0.09575747997623824, 0.13106837715731054, 0.17203585975450944, 0.21639939591811544, 0.25291484269212505, 0.27718063632052575, 0.3477908265694554, 0.36367331180678236, 0.3842507046171674, 0.3963491504913996, 0.4377551845343952, 0.4839489951653116, 0.5236903982823766, 0.5525266950379631, 0.5492282778590829, 0.6203164124704807, 0.5928199364706854, 0.6139991173777003, 0.6719140792928929, 0.6736474181395063, 0.6803026056426897, 0.7036908434123873, 0.6665878302929688, 0.6983788033173739, 0.7007696232185608, 0.7323805814331275, 0.726959224900743, 0.7800855982893782, 0.7653353952162477, 0.780454261948165, 0.7770105504442936, 0.7787482020336455, 0.8154811868933162, 0.8021937747308777, 0.8369770573899671, 0.8198559920370986, 0.8301994016819598, 0.8410106866617524, 0.8264546152878048, 0.8518717083042313, 0.862611191945907, 0.8559493346712048, 0.8668434891545802, 0.8767899802991029, 0.8806582864050244, 0.8819851323182771, 0.9005374926193183, 0.8614200076854214, 0.8884004147788933, 0.8877767148752734], "cputime": [0.0006690748499977417, 0.0017381274600006692, 0.0012770344999967166, 0.0010847094100029154, 0.001490190160000111, 0.0018496586899993872, 0.002459145739996984, 0.0030289113399976485, 0.0033696005499939475, 0.003501866489995109, 0.00356325071998981, 0.0035641662000034558, 0.0035556347900035233, 0.0035643192600036855, 0.003559348439999894, 0.0035648827799968784, 0.003559944160001578, 0.0035556815100017047, 0.0035534610100012285, 0.003549738169998591, 0.003561255060003532, 0.0035575404699955014, 0.003554749730004687, 0.0035556291300019895, 0.00355695335000064, 0.0035529820299962014, 0.003560240279990694, 0.003563880099998187, 0.0035601050900038443, 0.003554065700002411, 0.003556629630002135, 0.0035524207000037222, 0.003560820100002502, 0.003563482369997928, 0.0035571175899974604, 0.003555030850004641, 0.003557201039999427, 0.0035579299799951515, 0.0035535320899964516, 0.003559306120000656, 0.003562200029999758, 0.0035595479600124234, 0.0035564626499990483, 0.0035635644599915396, 0.0035605011800009835, 0.0035644100000092748, 0.0035617453600059433, 0.0035501601600037703, 0.0035614535699926364, 0.0035558669500005634, 0.003553831830008676, 0.003552516259992444, 0.003552797340005327, 0.003554872880013136, 0.003559819150000294, 0.003552919130013379, 0.003553136799996537, 0.003567210210005669, 0.0035509632600042094, 0.003561733209999147, 0.0035653734299967254, 0.0035537950799948703, 0.003555108700002165, 0.0035606155699906593]}