{"error": [2.8097244644828665e-10, 5.6195212071996404e-11, 5.724033834682729e-11, 9.376860384270101e-11, 1.1365990188805445e-10, 1.890549712868867e-10, 1.7214297404481575e-10, 2.3036922668681003e-10, 2.767933959625931e-10, 2.721208939034774e-10, 3.261665215351051e-10, 4.148661753025641e-10, 4.0000438108266324e-10, 5.225255746284357e-10, 6.257308554890702e-10, 7.799862533914681e-10, 1.404316791711199e-09, 1.8054674728441113e-09, 0.0054735836311774234, 0.003946853118519794, 0.015045518940022541, 0.03542622702072131, 0.04601295915887911, 0.05506218306514058, 0.0691578069688935, 0.09755643258138016, 0.12551922264811197, 0.18795928025243555, 0.17595207767283644, 0.23358015856174166, 0.24246271822720408, 0.27892494473463353, 0.32842783496333616, 0.34655614518896627, 0.34813140428323386, 0.38168351575734394, 0.3904903533635125, 0.4048292748194222, 0.4248089109115393, 0.45405760467607886, 0.4670691632408587, 0.49167403556519923, 0.5061527539298369, 0.5212998909188515, 0.5232807416952034, 0.5509413028103093, 0.5479891403349528, 0.5673723467625301, 0.591751963219249, 0.5976311939694317, 0.591306416903586, 0.601933473996827, 0.6033434238551695, 0.6080324800571683, 0.6213469837367591, 0.6297747332408965, 0.6367249687552514, 0.6682453838988326, 0.6707409125714411, 0.663102125493301, 0.6908572705702991, 0.6848295304008228, 0.6948598178610047, 0.6918439095896164], "cputime": [0.018546712000000007, 0.01863663161000003, 0.018916147989999976, 0.019042750320000003, 0.019264551410000105, 0.01943855798000003, 0.01938966253999995, 0.019510163819999864, 0.019698323999999837, 0.019798320090000026, 0.019942859830000045, 0.02000421552000006, 0.020111722939999837, 0.020402216670000008, 0.020467457910000205, 0.020614397169999778, 0.021130545679999956, 0.021255115559999708, 0.021647256549999768, 0.02165111822999961, 0.02237436124999995, 0.022459247299999846, 0.022766900849999702, 0.023119615999999538, 0.022997075080000328, 0.023066025130000157, 0.023846228360000197, 0.023543924259999686, 0.023438224519999905, 0.023118727619999647, 0.023268314230000156, 0.023155823790000342, 0.02298028672000058, 0.02300463908000026, 0.022996042050000796, 0.022993042760001147, 0.022894260839999417, 0.02279281493000113, 0.022740278909999887, 0.02251313037000031, 0.022793975279999757, 0.022502541199999657, 0.022323831609998592, 0.022528128570000375, 0.022572668299999918, 0.022417253920000206, 0.02244301452000073, 0.022582183210000436, 0.022231300779999828, 0.02242948658000017, 0.02229843937999988, 0.0222928530800003, 0.022431502550000034, 0.02231675089000021, 0.022482473189999866, 0.022487475820000782, 0.02234766678999932, 0.022385196620000585, 0.022359173420003486, 0.0222489901400013, 0.02232926574000089, 0.022377625419998708, 0.022454520229999275, 0.022469595939999466]}