{"error": [1.7170879237424202e-16, 2.4329321898053397e-16, 5.112476849679895e-16, 6.937893061401296e-16, 8.671102881133198e-16, 1.0780169102050919e-15, 1.1125870753845649e-15, 1.3166170888016446e-15, 1.0330911498324668e-15, 1.2654507120213483e-15, 1.3030611632247485e-15, 0.0037660572383719617, 1.4453501839620983e-15, 1.383668764273946e-15, 0.000891295211719938, 0.00021260976636465492, 0.007169505693995188, 0.018598461097065432, 0.02908863682618092, 0.040867459487272384, 0.05561784215518482, 0.08783193601001621, 0.14122119987492943, 0.1090525268506455, 0.17179074391808868, 0.17604474665439923, 0.24929253697228337, 0.35413631147400293, 0.3214751374882862, 0.4356874502592604, 0.4039317651404057, 0.5045339941015081, 0.47277521855809695, 0.5424332181370146, 0.5485876521496934, 0.5943008709423326, 0.6205906338330656, 0.6266890671861477, 0.6386336357413672, 0.6801617057030575, 0.7395049380139269, 0.7760157176501368, 0.777558596154738, 0.8003945070058827, 0.8061300629251867, 0.853176354162374, 0.8618076846435834, 0.9127945586660928, 0.9583527114670151, 0.9536272403191162, 0.969245423795596, 1.0395378197888496, 1.0514690658197543, 1.1170457766675699, 1.1791467667580935, 1.2010381663477532, 1.345366832367225, 1.4904182050492707, 1.641222255492056, 1.8182460889412166, 1.9045973521261452, 2.564989284678589, 3.56683816280726, 11.48288692700532], "cputime": [0.0006903980199967918, 0.0010488266800166457, 0.0013236620600036986, 0.0003982872800224868, 0.000484190259976458, 0.0006075730000611656, 0.0006778863199815532, 0.0007349014699684631, 0.0008503723899502802, 0.0009315235700069024, 0.0011174952000328631, 0.0015212372400128515, 0.0013946599299470108, 0.0015699561700421327, 0.0020933505599896305, 0.0022090987299816334, 0.002497992630032968, 0.004829061609980272, 0.005509211519938617, 0.008727235270034725, 0.011332405710036256, 0.015508869230061464, 0.020854522500012535, 0.022041048030059754, 0.031913887919936317, 0.028897687320013573, 0.0396412328900351, 0.04970458466998025, 0.04893160127999181, 0.05792114866000702, 0.06515185104998636, 0.07222598970001855, 0.07529035593003755, 0.07855519268997341, 0.0856370032599716, 0.08314162623001721, 0.09928058933002831, 0.09421919254002205, 0.09811243780004589, 0.21171449010996185, 0.4455410542300342, 0.46517877492002296, 0.4837322971100366, 0.499674319550013, 0.5187409607699647, 0.5332431217000249, 0.5523431374699339, 0.5653262333599741, 0.5843010120099825, 0.6019768047798789, 0.6293182776100548, 0.5732122256700041, 0.5891911762899781, 0.6050243221400433, 0.6259371737999845, 0.6336431806300243, 0.6561141336799483, 0.6721282266100388, 0.6940742126099849, 0.7115356119200169, 0.7332602548299474, 0.7463639710600092, 0.77260016680003, 0.007863511929990637]}