{"error": [1.4433079825962658e-16, 3.610574716139993e-09, 3.641390305723878e-09, 3.4870758929689096e-09, 3.4794301448798156e-09, 3.7184958573138613e-09, 3.457076551637694e-09, 3.4940970416200545e-09, 3.6553623505129562e-09, 3.5258136211490674e-09, 3.489418380888396e-09, 0.004676615365282696, 3.540813798101274e-09, 0.011346390859216323, 0.0007784632901020738, 0.01618278662570854, 0.028159585864754512, 0.049922640883574475, 0.056435337834657665, 0.11395263178753162, 0.17796532002329277, 0.22178624625635746, 0.2208437893097833, 0.2702241623315093, 0.2762959239821851, 0.29955634586103314, 0.33779857165669236, 0.4501280311319055, 0.43576116091044925, 0.47917837423328075, 0.4797614147909413, 0.503246427862453, 0.535503196429839, 0.5617490695542159, 0.5414607255803151, 0.5896264789458122, 0.5782773751575312, 0.5802040988981111, 0.6007566187671718, 0.6111184530269825, 0.6253239990679342, 0.6585566997797097, 0.6510449170508957, 0.6756849442743564, 0.670322597413849, 0.6849290781145743, 0.662319314200531, 0.6952609496182626, 0.6996847226095088, 0.7010584694798999, 0.6920348005424825, 0.7060222909906255, 0.700703685955838, 0.7155816136646613, 0.6987703234015139, 0.7060862061205472, 0.706509398842563, 0.7330426352541807, 0.7356374463047373, 0.7026509035234554, 0.7324915889444635, 0.730317825240245, 0.7400064952146559, 0.7354034200034987], "cputime": [0.00013020727998537041, 0.0007765184999993835, 0.0013586150400169573, 0.0017170021600054497, 0.002155186229999799, 0.002479110839997247, 0.002920020949998161, 0.0032769596999924033, 0.00366010235999056, 0.004065523509993909, 0.00460171278999951, 0.0050966851500106715, 0.005682598359992425, 0.006326654780002628, 0.006881024380015787, 0.0077631020399985574, 0.008607201259992507, 0.009374805030008702, 0.009912490059998618, 0.010767554569993081, 0.011229224070000328, 0.01133753645999832, 0.011427612859993132, 0.011418664859977525, 0.011500698030008607, 0.011495701760011343, 0.011518807600011768, 0.01153597856999795, 0.011594625659993198, 0.01162414846999809, 0.011651986070003204, 0.011686731339991638, 0.011673400969996237, 0.011739412179997544, 0.011766193100013424, 0.011739501870017648, 0.011790330130002075, 0.011780769080012306, 0.01179942429999528, 0.011831087990012748, 0.01188285968000173, 0.011868348139992123, 0.01191657234999866, 0.011944989670007544, 0.011923452190003445, 0.011953931879997982, 0.011989330210005845, 0.011987971110008856, 0.011999790060010583, 0.012035273760002383, 0.01207036009000376, 0.012060744230000182, 0.01212245865000341, 0.012111504430017704, 0.01211451430999432, 0.01211896652998803, 0.012147789860009653, 0.012191232710003988, 0.012199942479999209, 0.012200723809996816, 0.012214622870003496, 0.012250805890007542, 0.012235845319996769, 0.012253911780003363]}