{"error": [2.152346150120537e-16, 5.600129883335533e-16, 7.044051846450942e-16, 8.970928319379011e-16, 0.007020968771972409, 0.008753987557188812, 0.015002985220456623, 0.05460258212276933, 0.08108547601170621, 0.11291382932714168, 0.17161998078404647, 0.2400647471565634, 0.26412664673804576, 0.3048880716363751, 0.34111110280203677, 0.3499796954959904, 0.3679329210289666, 0.41862093936605355, 0.4540214790975796, 0.4755794606122267, 0.4689077048164939, 0.5228352523264368, 0.7458368869070688, 1.5469035348992255, 3.119457157572494, 2.876113316971456, 1.0995451466213173, 1.009921581509566, 0.7670298729875978, 0.749399797498511, 0.743679249544938, 0.7301659107752261, 0.7460322570103736, 0.7401680237998769, 0.7434382750464889, 0.7443891793494148, 0.7376738280297956, 0.750528298487692, 0.76441042606779, 0.7594942383257827, 0.7553072489910916, 0.7655467406396917, 0.7650651611679912, 0.7655630082605172, 0.768893361750671, 0.7706215425102375, 0.7727692817146817, 0.768959251367528, 0.7715728560585151, 0.772487431773715, 0.7771780135939624, 0.7820810149022499, 0.7782134048550815, 0.7829205600027715, 0.7831009075780626, 0.7848648920664562, 0.7814374709038562, 0.7891683931439714, 0.7860527813959404, 0.78763801886914, 0.7889583549944791, 0.7902968280857258, 0.7929758828266447, 0.7954694630156044], "cputime": [0.00015503368000395313, 0.00019555027999672346, 0.00026086254001029375, 0.00030493408999745955, 0.0009433724600023652, 0.001750507109991304, 0.002044998769996482, 0.005978646510009185, 0.008158861920006756, 0.012548564909999414, 0.017581908680003835, 0.02435601115000395, 0.32173573825999596, 0.35261102309000536, 0.43773793098000624, 0.40375282197999923, 0.4123664832900022, 0.45899575022999556, 0.4762596549500131, 0.6835318237499997, 0.5303600127599816, 0.5430287696499977, 0.5669587941599775, 0.5947919537100165, 0.560720215600004, 0.7314586393800028, 0.5993539920099897, 0.7062414507900052, 0.7017893354299986, 0.6970418207800025, 0.8721175572399988, 0.7048327921399755, 0.6209954574999937, 0.6343964746199913, 0.6357121122600097, 0.7899981650399878, 0.6664025905400195, 0.6558781546900354, 0.7117998434600213, 0.7108663187299726, 0.880750116330014, 0.732982633010015, 0.7386347844700049, 0.7517173609900146, 0.7620103110599985, 0.9284942116099819, 0.78351812753996, 0.7986906050899779, 0.8160701475500218, 0.9875927179600058, 0.8462180485299996, 0.8587134545499839, 0.8745639884299998, 1.0524312638099764, 0.9081813269900294, 0.9110051269199902, 0.9273948810899992, 1.091424526709984, 0.9616297604999727, 0.970777098849976, 1.1389585869399799, 1.001135132779973, 1.022804447960034, 1.1851253417899899]}