{"error": [1.7170879237424202e-16, 2.4329321898053397e-16, 5.112476849679895e-16, 6.937893061401296e-16, 8.671102881133198e-16, 1.0780169102050919e-15, 1.1125870753845649e-15, 1.3166170888016446e-15, 1.0330911498324668e-15, 1.2654507120213483e-15, 1.3030611632247485e-15, 1.570695580710446e-15, 1.4453501839620983e-15, 1.383668764273946e-15, 1.556750117439408e-15, 1.679605909669892e-15, 0.005990993256923134, 0.005758334130376643, 1.622041566127376e-15, 0.011403999662265464, 0.03690538706360806, 0.05297655084143866, 0.08561910103020307, 0.06751905052037135, 0.08458654055119794, 0.08709239644694207, 0.14027321062252818, 0.22658137168110581, 0.26356487463099787, 0.32474034726568485, 0.37880507831446075, 1.2065739902777874, 0.5551800190367014, 0.402538169333255, 0.4383414689092228, 0.495153367655528, 0.5462843907798683, 0.5575425842198324, 0.5853182722760157, 0.6178999576212308, 0.6210591373476142, 0.6504473954126283, 0.651122043907354, 0.6736864026589302, 0.6581037752000536, 0.6890611378405034, 0.7022636398309778, 0.6945127756849275, 0.7177725317668407, 0.7220747150893752, 0.7464582665708537, 0.7236952296164815, 0.7569392175806926, 0.7702679813687462, 0.7893594710734927, 0.8090752311754624, 0.8387307940898885, 0.8714082061275222, 0.9311378023427439, 0.955359007749817, 1.0849842151033902, 1.2990889708489828, 1.718644641381634, 11.48288692700532], "cputime": [0.001718847559977803, 0.0017367669199848024, 0.0007812770399868896, 0.0009091935200285661, 0.00109682938997139, 0.0013368299799822124, 0.0015396125599818334, 0.0017044300099860266, 0.002007720640021944, 0.0022192081899902404, 0.002553215379957692, 0.0029988279200097168, 0.0030800502200145274, 0.0034446258699699682, 0.003922570409959008, 0.004211776250012917, 0.006003919790018699, 0.006428735649988085, 0.005947482349984057, 0.01950958154006912, 0.08340234648993829, 0.10375155485995492, 0.1561536043999604, 0.1563826401100232, 0.19432168263999303, 0.18291964790998463, 0.25145167709998534, 0.4209907656999349, 0.43152840770000694, 0.4990218439000273, 0.6359549183500167, 1.0818159701900094, 1.0709918856300282, 1.1331191809399843, 1.160388222970032, 1.1589998245900188, 1.234819124110072, 1.2215358786000343, 1.247916978860012, 1.2706848246700064, 1.3043515409899828, 1.330128231780036, 1.3586678164499062, 1.3786979838799744, 1.4109280345298794, 1.4288124473599602, 1.457897488089966, 1.4758430832900193, 1.507233533840099, 1.5300917018299878, 1.5674882137999702, 1.5165714691500944, 1.546822700819921, 1.5664391678299217, 1.5934076585399453, 1.6078459392699551, 1.6429335017999802, 1.6687706443901151, 1.741825415860003, 1.7628750678499272, 1.791338703069978, 1.811781487490025, 1.8428911710801186, 0.01610100629999579]}