{"error": [1.7170879237424202e-16, 2.433376725123349e-16, 5.622232688677402e-16, 6.747579081757922e-16, 8.157592194766885e-16, 1.0913829413349982e-15, 9.51354363995101e-16, 1.129592980080081e-15, 1.1710396842736818e-15, 1.2647075136620308e-15, 1.332298832856362e-15, 1.2099241770664e-15, 1.5211420439967966e-15, 1.425045823120342e-15, 0.010050721056411707, 1.5381653819632093e-15, 0.008643510576302941, 0.009922640802937763, 0.0062981758357304575, 0.016303794000881854, 0.00854075232641225, 0.07621732902435968, 0.06274044522024061, 0.06481904094661449, 0.15126809975247432, 0.17841388123628, 0.18083115689761878, 0.34665552800001537, 0.2802794578905163, 0.48788886668434733, 0.4341513808996237, 0.5087298077501949, 0.5382814897836827, 0.5703939827035971, 0.6532640854921157, 0.6858744016946718, 0.6322724801687645, 0.6834051928060874, 0.7130532825954597, 0.7512739846178209, 0.787706690793452, 0.8420309773535172, 0.8021840997820565, 0.9037287590532853, 0.8719950202426603, 0.885771295212539, 0.9087949088829602, 0.9270721112006132, 0.948644760894004, 0.9435227649604458, 0.9477059409817339, 0.9654728200016833, 0.955016097343514, 0.9962162911616295, 1.0231689265373018, 1.0113380254794746, 1.0149913727111868, 1.0365590365709556, 1.0136704745207126, 1.033590410091761, 1.0542588079592439, 1.0455042901441534, 1.0604993863583905, 1.053520638551019], "cputime": [0.00029147781999938616, 0.0004513069300017492, 0.0006254219500004865, 0.0008057952699985549, 0.00097966686999996, 0.001175741989999608, 0.001381688940001311, 0.0015947839900016447, 0.001830428760000018, 0.002072360530001731, 0.0023433179699992477, 0.0026113020700009315, 0.0029119121300007576, 0.003232277780000743, 0.00782423304999952, 0.003944019840000408, 0.00851372348999888, 0.008963178269999048, 0.0068924951099987196, 0.016831521180000662, 0.017634383349998187, 0.04461213267999824, 0.04277241447000222, 0.03924284982999922, 0.08347815483000147, 0.09012592492000153, 0.10409621157000061, 0.15273340753999917, 0.13522287484999906, 0.1821495847699984, 0.17967212691999948, 0.19846886714999812, 0.2124149981799991, 0.21294046600000002, 0.2192882176000006, 0.226076217210001, 0.2258285786099998, 0.2275253386200012, 0.23031267259999766, 0.23043127487999698, 0.23026862465000136, 0.23037080444000083, 0.2299747581399987, 0.23039243200998613, 0.23017058693000422, 0.23012265160000311, 0.23039085806999993, 0.2301819027900001, 0.23009370338999816, 0.23044156304999888, 0.23039895849000117, 0.23002857805999496, 0.2305299988000013, 0.2300902109199967, 0.23053863705999333, 0.23036966461000133, 0.2304264754299993, 0.2304117199400025, 0.2302620087199989, 0.23044788621999487, 0.23037399989999813, 0.23029470279999714, 0.23028639634999762, 0.23063230595999926]}