{"error": [2.827462321589698e-16, 5.281843459382139e-16, 7.725971345616388e-16, 8.367886118356391e-16, 9.771619513692568e-16, 9.958686151022725e-16, 0.0034785423537615255, 0.012146263671634832, 0.01694945052610465, 0.022984605149435216, 0.030607320890588912, 0.10491952741071665, 0.11335076413742112, 0.16416430357734668, 0.1973791867808812, 0.24286529260599185, 0.2830088255726564, 0.2763578329539077, 0.35043764658716037, 0.36058448659942904, 0.40378439608351874, 0.42536102571171275, 0.4563267200856832, 0.5000153324979925, 0.566202572526992, 0.6750973936882145, 0.6884080370849058, 0.6480054145524692, 0.6805337378366216, 0.6761266095764229, 0.6940303255188023, 0.7122400462612783, 0.7098376231804109, 0.7048065446772154, 0.7289759790246579, 0.7242920655834836, 0.72573816099907, 0.7311447997417886, 0.7370325628678797, 0.7369187459955009, 0.7450375721511913, 0.7480916173008607, 0.74851120885987, 0.7505622328628729, 0.7522448648610159, 0.7572623024838095, 0.7552419854485924, 0.7662661147170071, 0.762634898703045, 0.7611255131113278, 0.7636481813654881, 0.7683739913185752, 0.7675855050956195, 0.7730741953364911, 0.7699307273343317, 0.7706488140477255, 0.7723364469334064, 0.7784460058414941, 0.7768015724296276, 0.7767428259035242, 0.7798581298062807, 0.7812312550056535, 0.7838362441153448, 0.7791620824556947], "cputime": [0.0013981188899947483, 0.001561450969991256, 0.002025297479992787, 0.0023431525600017267, 0.0033279105600149705, 0.003427782960015975, 0.009859335309997733, 0.019005417250007213, 0.0248818209700039, 0.04043224975999692, 0.06014256508000017, 0.11568233345999943, 0.1393049461800024, 0.18484770781001772, 0.23904717477000076, 0.3113402426700009, 0.44678348514999927, 0.42230099276000826, 0.71217202929, 0.5852479178900103, 0.63850926179, 0.7136167285399688, 0.7547990886799698, 0.9894371950700225, 0.8247961248000002, 0.8412038188399993, 0.8532240674700097, 1.0754173828600186, 1.033004278670005, 1.0722214097000142, 1.1762361997200106, 1.084264919950033, 1.1046822397300093, 1.3203953903899992, 1.2385859315399876, 1.4909316308700091, 1.3635738194799978, 1.397539535129963, 1.5262455326699955, 1.47314131764002, 1.6310482387499905, 1.534346382599988, 1.747606990100012, 1.561000402080008, 1.7525889242399808, 1.643912869379992, 1.9153859167200245, 1.7336335456000234, 1.7797997055299857, 1.692083198299997, 1.8309564086500723, 1.6718939980599863, 2.072539000479965, 2.066932364459981, 1.8586802573500336, 1.9396125862699682, 1.757719943439979, 1.906680149560052, 1.814459244970003, 1.9524884023499636, 1.9908508726400214, 2.105605131480006, 2.094695958069897, 2.024575219920116]}