{"error": [2.404711944496129e-16, 3.444686349770651e-16, 6.382458603643227e-16, 9.127007238799071e-16, 1.0645680196174873e-15, 1.0215690496489397e-15, 1.2005764528565514e-15, 1.3924355605986936e-15, 1.3970169189302215e-15, 1.1837679297824843e-15, 1.2964294448305544e-15, 1.4107851718225746e-15, 1.5771375481731731e-15, 1.692630477512852e-15, 1.6299740095303767e-15, 1.4914816205078052e-15, 1.6597623492052575e-15, 1.7400394549519168e-15, 1.8153917751395777e-15, 1.689604037741594e-15, 1.806728723006378e-15, 1.7641461625839456e-15, 1.902018260047033e-15, 1.884927882737144e-15, 1.9552988577578225e-15, 1.6469367078927377e-15, 1.6959839099640984e-15, 1.781287681635389e-15, 1.728711865521381e-15, 1.77795964928029e-15, 1.7956697688437886e-15, 1.8846233586570874e-15, 1.7952656687268918e-15, 1.908414971862698e-15, 1.7182658306650854e-15, 0.003404969003910312, 0.004806354231637969, 1.7750838084465954e-15, 0.011278283630710413, 0.020183704096055393, 0.03595048714959869, 0.02950968011308982, 0.026470975208036353, 0.09974362160982075, 0.07313113963635128, 0.14542939098298896, 0.19596135970203876, 0.2728408273655734, 0.2724376294171448, 0.3566973624330814, 0.42485160035415126, 0.44842852662811594, 0.47065827479522004, 0.4906185008075738, 0.5685319138233893, 0.5983104672602202, 0.6227778611578125, 0.6131819168894701, 0.6541324183156597, 0.7158438652913298, 0.70992147506382, 0.7556562493797451, 0.7679299507471005, 0.8046277265725773], "cputime": [0.0014679884699762625, 0.0023385736500040367, 0.0032712497699549205, 0.00424186372999884, 0.005248025240011884, 0.0063409447499952875, 0.00750515162001193, 0.008753459659992587, 0.010077377879979395, 0.011707027560037204, 0.013026545469974735, 0.014650702520002596, 0.016403751960010596, 0.018284695789993748, 0.020524409300019215, 0.02243201782000142, 0.02478907261000586, 0.027247359669995603, 0.03008195888000955, 0.03269606834999195, 0.03588597030000983, 0.03893343073999858, 0.042493160360008914, 0.045745313659972454, 0.049741195949995924, 0.053131185209986144, 0.05668569050001679, 0.06059253032997276, 0.06465238302001125, 0.0687951661400075, 0.07338223191999532, 0.0780233190700028, 0.08301369093999256, 0.08778896381001687, 0.09325446123000347, 0.1012562982100053, 0.10734094126999025, 0.11167302122002183, 0.12473590099004013, 0.13593817355996635, 0.14821938311997657, 0.1523783431200127, 0.16036381751000137, 0.2018073750000258, 0.19938518401000238, 0.22810914563001916, 0.26177857765002954, 0.2956387514200014, 0.29757920564004053, 0.33154086331001054, 0.3410184997400165, 0.3449167629500153, 0.349992757259979, 0.35593748551001225, 0.35908549200001744, 0.35689680173004035, 0.3590970221500083, 0.3588903542499884, 0.35882162790999245, 0.3591333135000332, 0.3589150406500039, 0.3589245049500005, 0.35886880580998876, 0.35914587734997894]}