{"error": [2.404711944496129e-16, 3.351228745861979e-16, 6.392508032041521e-16, 8.233835979167667e-16, 9.790283645664142e-16, 1.1498976636436872e-15, 1.1810590478049108e-15, 1.2402865381584335e-15, 1.2984774809614136e-15, 1.4928733921821894e-15, 1.5280452292183395e-15, 1.5106418830548127e-15, 1.4550600051290224e-15, 1.628760426975756e-15, 1.6587624873355997e-15, 1.6764537734360148e-15, 1.7571644079584275e-15, 1.6849831346168217e-15, 1.7032738826748964e-15, 1.718571540099622e-15, 1.889861497621505e-15, 1.80385611968771e-15, 1.8568050063952263e-15, 1.912636649377739e-15, 1.9267638278123935e-15, 1.6678424748200818e-15, 1.6944035404029364e-15, 1.7371998185782702e-15, 1.7263422952413652e-15, 1.7928729682469023e-15, 1.819898604831249e-15, 1.935045995391346e-15, 0.042805619951625, 0.1224699406867002, 0.1735734861599748, 0.21846179166902005, 0.2884538224211688, 0.33377251825220483, 0.35849871288927593, 0.3853000622523902, 0.4180647974524646, 0.42579118691162665, 0.44785341197302886, 0.47436100220582067, 0.4962380090710309, 0.5007602908300476, 0.5231881849429647, 0.5357899679110686, 0.5560767011868638, 0.5693871179522068, 0.5656996682936699, 0.6201998026863752, 0.648083027663315, 0.6696615423193412, 0.6936298477792344, 0.7421078054277698, 0.7511217582779011, 0.7852351310400213, 0.8588578264262138, 0.951625396893898, 1.0906268753547301, 1.3295137478246744, 1.6869266951207025, 3.136291695017897], "cputime": [0.0020922771199366253, 0.002771378770012234, 0.0033371631700538276, 0.003980910509981186, 0.004984564290007256, 0.005764254209989304, 0.006499967869913235, 0.007078414969982987, 0.008788365960026568, 0.009823941130034654, 0.010849192379937448, 0.01237101373009864, 0.012688444399955187, 0.01398754760995871, 0.016259480050084676, 0.01769125894001263, 0.020081939270003204, 0.02111928293999881, 0.02381186266005898, 0.025738018830106738, 0.02914567302012074, 0.03136835051009257, 0.033953961160041214, 0.037548758299963084, 0.040031901970050965, 0.03899591910991149, 0.043358789990052174, 0.047016701599986846, 0.053179052190116635, 0.05445295491996149, 0.06821126491011455, 0.14172403392998603, 1.4526202287699015, 1.771807385250013, 2.2058231583099586, 2.1257169875799082, 2.0005583941801524, 2.0171159422199163, 2.037933541179955, 2.0618562465600188, 1.9857174745399062, 1.9608686685199428, 1.9791923150000366, 2.014004407139855, 2.054906896000048, 2.0390629808099767, 2.0981456891699053, 2.113332292219984, 2.110987001780013, 2.131226823409852, 2.1690074755800013, 2.1620795868200546, 2.678862646890011, 2.7029583518002256, 2.8630060581, 2.8890150084599737, 2.889245424589899, 2.904037782560081, 3.0738296473600712, 2.8670155050902393, 2.8943351243899813, 2.902825376269793, 2.978686439459925, 0.026879516750013863]}