{"error": [1.0321559297038426e-16, 3.637160418548024e-09, 4.443237219798906e-09, 4.110978181055671e-09, 4.2455087365342095e-09, 4.2924858548367036e-09, 4.069910920984556e-09, 3.8530271261595565e-09, 6.464948076254057e-09, 4.60216103360476e-08, 5.445728111524255e-07, 2.109813268716574e-06, 1.0060638077432983e-05, 1.9776213444958565e-05, 6.153182282077628e-05, 0.0003267882689406632, 0.001400433756274907, 0.0018289007177410138, 0.005627931018700023, 0.013506061066676924, 0.015672919528166625, 0.027155883540461962, 0.03387144788222047, 0.035708402994771966, 0.06320442296603586, 0.07446818459298976, 0.08029577526833545, 0.1134774461743045, 0.11780221437582883, 0.144452259695414, 0.1445316422870939, 0.17776870694651592, 0.1906921284710493, 0.20772011460042797, 0.2383169624035317, 0.26725145401730593, 0.2609961031892984, 0.28165227216860045, 0.2931829556255853, 0.3018699170109602, 0.3499404727457837, 0.36721077475223673, 0.38017313825485854, 0.3717919064490865, 0.41073664636627505, 0.4335586538405836, 0.4399276600225771, 0.4509588823314628, 0.48450856906850825, 0.4813464790414463, 0.4860725257413982, 0.5053067893272194, 0.5227971406442119, 0.5511197457763201, 0.5425544250580172, 0.5612642321741602, 0.5815187363342718, 0.5882187974335901, 0.6029540013777149, 0.6060842816608143, 0.6198709554992524, 0.6202807376479967, 0.6193816433760421, 0.6669175619509932], "cputime": [0.0005436539299876131, 0.002074904810015141, 0.003318377869989035, 0.0050359385099955035, 0.006979669839995495, 0.008590587169994706, 0.011299680630002059, 0.013479055340001196, 0.018479746430000433, 0.01741488147001064, 0.01866502687999855, 0.01848094654000306, 0.026782333610017302, 0.01933294731000842, 0.01861497339999687, 0.019024337239993656, 0.018737188049994982, 0.02206520152001076, 0.019720437179998954, 0.01989768571000468, 0.01904193506998354, 0.022625650650011268, 0.019904773179991935, 0.019860710689993084, 0.01920216881000215, 0.021975624490007704, 0.01794573934000482, 0.018136082139990323, 0.018080983810002636, 0.019784025129988548, 0.02145642284000587, 0.019331639429997268, 0.019611176789994716, 0.0196119914099927, 0.020668526920001113, 0.017954868660012835, 0.018286622760001592, 0.018596887599990168, 0.01871341885999982, 0.02078113201001315, 0.017976227659994494, 0.01969139719000168, 0.018228619440005787, 0.0183274019400028, 0.02212825776999125, 0.030167815279987735, 0.027972755529985988, 0.021856164440016528, 0.019967370050007958, 0.029596795370002836, 0.02517475010000453, 0.020080844579999847, 0.019915378649993726, 0.019397340879986586, 0.028619686230003934, 0.021249499089988147, 0.022753576009984046, 0.019526876659999744, 0.02155038775999401, 0.018260178939997332, 0.02123724970000012, 0.02171127899000112, 0.018089413819977834, 0.02302897471000506]}