{"error": [2.404711944496129e-16, 0.033408515485933515, 0.05609915080114248, 0.08656107495896544, 0.13338008002566487, 0.1588494243031145, 0.14678131939971234, 0.1533113383817382, 0.1733514785663351, 0.20200654407910168, 0.21064244985217573, 0.21265528931371436, 0.22922402945293296, 0.23018537656562812, 0.2547043399878925, 0.2571866587090246, 0.27898096985634124, 0.2781125898572535, 0.29293503048206665, 0.3036715266235662, 0.30180925374716017, 0.32173806029923296, 0.3206233505790831, 0.3272633825336716, 0.32588133184558865, 0.33508818777483707, 0.35688456715570527, 0.35824909820840767, 0.3613445647556276, 0.37029897067647966, 0.38147060698906854, 0.39673585454602284, 0.4089842499207725, 0.40831356426645504, 0.4071738146924734, 0.426086135227714, 0.4416532968989084, 0.4497219579529381, 0.48380464234005743, 0.45887455344028266, 0.47213838356018273, 0.48483003679708103, 0.49057601020368685, 0.5143849216914874, 0.5259069624712612, 0.5459898911303626, 0.5592473798810609, 0.5757802332994737, 0.5880050569879343, 0.5947518943746843, 0.6192846037348371, 0.6420794943055733, 0.6892810651109272, 0.6896163374813823, 0.7079161076575425, 0.7578116227896874, 0.7976520792288744, 0.8067302068944838, 0.8706767227348053, 0.995105800471307, 1.1609155611926025, 1.278105419785914, 1.782367879962055, 3.136291695017897], "cputime": [0.0007100148699100828, 0.0007997863899618096, 0.0008613617900664394, 0.0009034159999828262, 0.0009707255999273912, 0.0010334682801476447, 0.001111559909877542, 0.0011717795500044304, 0.0012758747899533774, 0.001366107649882906, 0.0014742498600207909, 0.0015650382901003469, 0.0017051927300417446, 0.0018165606699585624, 0.001970701000027475, 0.0020794302000467723, 0.002244309979996615, 0.0024007966200952067, 0.002594094119958754, 0.002726613920076488, 0.0029728759500903834, 0.003156616700016457, 0.0032617963998745835, 0.0034174952100329394, 0.003700294539885363, 0.003359470300074463, 0.003572529470038717, 0.003706724919848057, 0.003968005499918945, 0.0041182432800997044, 0.0043903712500650725, 0.004554036169993197, 0.004840859090036247, 0.005037183500098763, 0.005193458190042292, 0.00529627954987518, 0.005645635780037992, 0.005987906340014888, 0.006233269899912557, 0.006368019510009617, 0.006770198369977152, 0.006920531210125773, 0.0073298290400089176, 0.00745425687995521, 0.007905574359956518, 0.008051854710138286, 0.008470692780047102, 0.008606365820160135, 0.009212286889978714, 0.0092492275899167, 0.009774470929951349, 0.009088811749934393, 0.009594311539967749, 0.009714533330043195, 0.01019952132999606, 0.010289864409933215, 0.011027537700028915, 0.010976680530002341, 0.011515306970013626, 0.011594542390066636, 0.012206042200032243, 0.01229756164993887, 0.013027995550019114, 0.012950647420038876]}