{"error": [2.2753024811660305e-12, 2.933767862840058e-12, 3.2366500194147456e-12, 4.036805576632646e-12, 5.317292812504664e-12, 7.459204898013139e-12, 8.846286253945306e-12, 1.0277387547206436e-11, 1.1610481863742009e-11, 1.1154240245782374e-11, 1.457902381421626e-11, 1.8598507545886168e-11, 1.9842401453453315e-11, 2.4006986398382117e-11, 2.927020551356147e-11, 2.2485069229379816e-11, 3.054163680861499e-11, 3.416397091642585e-11, 3.022145443780964e-11, 3.4132509234926794e-11, 3.3959088087886455e-11, 4.2704831231742406e-11, 6.62373284190456e-11, 5.200878115551274e-11, 5.6403940804246604e-11, 5.430814737250739e-11, 6.753011203158119e-11, 7.129261141836841e-11, 7.522590421699081e-11, 8.032832626848464e-11, 7.670847455836128e-11, 8.568368640230901e-11, 1.5502629854102653e-10, 1.0440482951861597e-10, 1.4060689978763581e-10, 1.8937069719471896e-10, 1.408127877951274e-10, 1.7355142249598566e-10, 2.6516604102885926e-10, 2.1848083039344086e-10, 2.0187260222693652e-10, 0.00041107502090137276, 7.872493752044147e-05, 0.0021826804699700817, 0.0031177188724513727, 0.0018707542043804126, 0.004114016336017782, 0.008333410550906773, 0.006732281718433413, 0.020267096635841645, 0.017530506306767762, 0.022593097129949682, 0.022185852686290607, 0.03898009905332988, 0.03547538356494859, 0.045825120159707196, 0.07525336711877005, 0.07908064683220836, 0.07469308334440349, 0.1173131644193483, 0.13133613070931954, 0.11792499041028283, 0.15509706709138738, 0.1816040116411812], "cputime": [0.28070760991000004, 0.28951821852000015, 0.29539011216000005, 0.30039462076999984, 0.30928030014, 0.3127517536799999, 0.31610514375999826, 0.3196273167599998, 0.31986023134000247, 0.32634272269999826, 0.327198321909998, 0.3285262727999998, 0.32731353524000156, 0.3309038788199979, 0.3311076613600011, 0.3344675901500011, 0.3336031786399963, 0.33715045968999563, 0.3389168343600011, 0.33868809677000283, 0.3399515215299982, 0.3419315275400015, 0.33983130041999177, 0.3445460140099999, 0.34457415887000026, 0.34563185042999406, 0.345826003009995, 0.3477960536999876, 0.34893667103000436, 0.34874404637999645, 0.3492688024800043, 0.3492732385199952, 0.3501947876700001, 0.35050823594001485, 0.3508308785599957, 0.3516036817399981, 0.3504621017600107, 0.3540042944099946, 0.3534249300200122, 0.35640889039998913, 0.356920658450008, 0.35830261121000606, 0.36016041362000123, 0.3583114975400031, 0.36050640953000085, 0.35890709184999425, 0.36194942723999474, 0.36411528106002605, 0.36488975874999824, 0.3670907229000159, 0.36813536625000326, 0.36961835952999084, 0.36827954192001017, 0.3708168233799984, 0.37138721475001146, 0.36920289291999553, 0.37084175740000547, 0.3727288367099959, 0.37247239576998936, 0.37201492805999126, 0.37220063816995663, 0.3714160361799804, 0.3707640317500227, 0.369815645749959]}