{"error": [2.3400725404054243e-16, 4.728882781081288e-09, 3.2614171426121786e-09, 2.901334558892945e-09, 2.9808824269617557e-09, 2.7904759706555217e-09, 2.768286113884996e-09, 2.993392538934747e-09, 3.0025781260318466e-09, 2.932126567494569e-09, 2.8880694104299023e-09, 2.7253843788597096e-09, 2.7705833562469615e-09, 2.825511782123534e-09, 2.9061311362299294e-09, 2.9125794526032488e-09, 2.891256873978746e-09, 2.863607490029589e-09, 2.943336452729927e-09, 3.013991695705202e-09, 2.958945876161488e-09, 2.9729431357862293e-09, 3.2047261612370497e-09, 3.184238493985323e-09, 3.3307513703953845e-09, 3.3692231295664934e-09, 4.0954509814790814e-09, 1.0175176076440468e-06, 0.0024912631346308664, 5.804544985227521e-06, 0.001342408868474591, 0.020152609207198857, 0.0312737169672039, 0.042331567941947874, 0.04964245620816851, 0.09275691436776365, 0.13151069519266625, 0.17379910409252985, 0.24906158168267134, 0.2548396815251127, 0.3196743514932907, 0.3416125642912503, 0.38246373875321277, 0.4112225138239733, 0.4655195007926002, 0.467350601778114, 0.5180152426552359, 0.5187793456652786, 0.5306701222285731, 0.5473007258675724, 0.5441365920357171, 0.5890308786008512, 0.6179169325865431, 0.611556570587242, 0.6310408503550535, 0.6524512100114258, 0.6425707574834503, 0.63646223733943, 0.6582651338258316, 0.6836255955524121, 0.6811083984538604, 0.7013583921611662, 0.6959010852035467, 0.7108790105540942], "cputime": [0.0007540449999896737, 0.004813844670020444, 0.0065821110199703985, 0.00826320313996348, 0.009557562349987165, 0.01044239474999813, 0.011800268600009076, 0.013114620460023617, 0.014364070369997534, 0.015561975979990166, 0.01655656961001114, 0.018150055119999706, 0.019266207960022257, 0.021003774129990233, 0.022239071569970292, 0.02374898021997524, 0.026490558649998094, 0.02709973854999589, 0.028951723540021703, 0.031899654669969094, 0.0333163033000028, 0.03606534450000254, 0.039167920259988026, 0.040957912540025065, 0.0437498873800132, 0.04677297324002666, 0.05014231625000775, 0.05550944184001309, 0.058975163699992665, 0.06313903365999977, 0.06591424765001648, 0.0689441432300373, 0.07096745626000939, 0.07114563694998197, 0.0715935822000074, 0.07184091406002607, 0.0720945605100087, 0.07220971999998255, 0.07245004593998601, 0.07232138709000538, 0.07278226862999418, 0.07299791527996603, 0.07325057029002437, 0.07331565489001605, 0.07351900768998804, 0.07373999282000114, 0.07389876386995184, 0.0740848846200106, 0.07424276396000551, 0.07450322160998439, 0.07467337104000307, 0.07474437616997875, 0.07472889103000398, 0.07528987454998969, 0.07540853210999558, 0.07551343756000733, 0.07587520482996751, 0.07606149561998791, 0.07625676224000927, 0.0763808318800011, 0.07653557227000875, 0.07675602176001575, 0.07683543959999498, 0.07532523246997243]}