{"error": [3.4755254411663803e-16, 7.012257029471376e-16, 7.010071931934681e-16, 8.819903692448855e-16, 9.455000392378658e-16, 1.0743964014680847e-15, 1.137332960822221e-15, 1.18697270578646e-15, 1.0722979254887162e-15, 1.1502140120997855e-15, 1.1591293931653656e-15, 1.121882540051132e-15, 1.1830093922409903e-15, 1.2220534926278367e-15, 1.2825031987525806e-15, 1.3685117030741092e-15, 1.4384978583802262e-15, 1.485804378512688e-15, 1.6143837810325433e-15, 1.7386518034511744e-15, 1.894063353475021e-15, 2.5062784631145736e-15, 2.377319551154987e-15, 2.530191052530981e-15, 5.632601134136595e-15, 6.008189955666238e-15, 0.11523072856960591, 0.48209997459553, 0.545800330697106, 0.5595234256421135, 0.5656162854847856, 0.5854717126862535, 0.6045967344928374, 0.6033106732135198, 0.6113155053604283, 0.6229825337285193, 0.6278507514949961, 0.6375925713571735, 0.6531518353866298, 0.6436547135133737, 0.6465643466176725, 0.6472781936803276, 0.6585295751000346, 0.6616181744542432, 0.6685893083542069, 0.66316520885972, 0.6730029430039854, 0.6765577469296352, 0.671993671688687, 0.6750590357630238, 0.6715334817000138, 0.6794772520620177, 0.6865091856452676, 0.6887631461933291, 0.6826772477393422, 0.6878101694491623, 0.6916492697380714, 0.687214500519863, 0.6847310044759815, 0.6891394873897848, 0.6946169185306448, 0.6904504609800038, 0.6939998564929033, 0.6956566409876902], "cputime": [0.0017862898999874233, 0.0022270874099922368, 0.0027141828500180055, 0.003242452370045612, 0.004129217869981403, 0.005174792170000728, 0.006302893370025231, 0.007253303179995782, 0.008093599409985473, 0.009353209669984607, 0.010731649400004244, 0.012196846029964944, 0.012996105689985597, 0.014830137239991928, 0.016725256369995806, 0.018927977599987572, 0.020933039259957695, 0.023376249840025592, 0.025119791610013636, 0.02867052023004817, 0.03365385787000377, 0.037858788629996525, 0.044361572789989624, 0.05826831783999296, 0.08447855430000345, 0.15719347773002482, 0.747179529150003, 1.6013882514100077, 1.5231418527999814, 1.49259622665998, 1.470000210060034, 1.415502506900002, 1.3797827775499718, 1.3683244185600234, 1.364206848970034, 1.3510965808799573, 1.3467979202299738, 1.3352819595700476, 1.3260865946199647, 1.3137975658600134, 1.3234320780699909, 1.433247753229989, 1.5069111086400426, 1.6677154878300189, 1.8126542196400168, 1.8954365993700322, 1.927882596799991, 1.9355554545199993, 1.9222537043800367, 1.9232077786099488, 1.8560145201199612, 1.8394764164999833, 1.8115073429500352, 1.768611167370009, 1.7264282283299508, 1.7181815162599379, 1.7153166877600052, 1.7202175590399384, 1.719791048570005, 1.724901518329898, 1.727142140440119, 1.7258531482800572, 1.729371694080055, 1.7302244922000318]}