{"error": [2.583397600971846e-16, 3.098039463569573e-16, 5.843578942393251e-16, 9.789050156561286e-16, 8.011996411133897e-16, 1.1575018039150011e-15, 1.1633840398079854e-15, 1.1802478398465107e-15, 1.3842064820652504e-15, 1.5103135675275664e-15, 1.3333969326097117e-15, 1.4016045699460763e-15, 1.4705255533659915e-15, 1.3264825791157768e-15, 1.5510774940616951e-15, 1.51469135541442e-15, 1.6172120147818748e-15, 1.6952632742337422e-15, 1.6988139787055271e-15, 1.866760631797156e-15, 1.7029159368456081e-15, 1.7922643260821358e-15, 1.7983399067846447e-15, 1.8783460745650893e-15, 1.885797424181068e-15, 1.6706827014748156e-15, 1.6731801885400828e-15, 1.664822642856716e-15, 1.6833869124200524e-15, 0.005115079605827598, 0.0062398104851772085, 0.0142290286390129, 0.033372886312676125, 0.01955078856078728, 0.06847423799012374, 0.07183659160489353, 0.0877881178120903, 0.1356024116419039, 0.16629446755928548, 0.21299188703133368, 0.29074897575612946, 0.3405927946858385, 0.3923510692821307, 0.42126883294683226, 0.45169747501879237, 0.48911455768471035, 0.5171744223744326, 0.5527784659756529, 0.5808545319146246, 0.5923424201722024, 0.6304545133616104, 0.6739299304356098, 0.7044990261662792, 0.7475562340812593, 0.7787217223164861, 0.7950775757657008, 0.8490317260811008, 0.9382330818261978, 0.9785002766917565, 1.0177699198801475, 1.168930512840127, 1.3865771489931933, 1.8367418798733564, 2.890370615852041], "cputime": [0.000717538150074688, 0.0009672652800145442, 0.0011423343999740609, 0.001210551959957229, 0.0017339505601194104, 0.0015505345800738723, 0.002218167600021843, 0.002535220600020693, 0.0027092032899054177, 0.005433416550076799, 0.0033622071101126493, 0.003164568819975102, 0.003764695479912916, 0.004242548009933671, 0.004584640760003822, 0.004981860799998686, 0.0055580945599467664, 0.005719048759929137, 0.0065317107900591505, 0.007091140530101256, 0.007426327339981071, 0.007784790569967299, 0.009343915620047483, 0.009811896900082502, 0.013285777830042207, 0.011072169069884695, 0.011983008059887652, 0.01279704552007388, 0.013994165979984246, 0.017705984419990273, 0.024665519999944083, 0.028870506879975437, 0.044255618780043735, 0.04269386414003748, 0.0717881399999169, 0.08112784152008316, 0.09571928254999876, 0.15489880767003342, 0.21003737891998753, 0.2676289372499741, 0.2992162286400526, 0.34891647601009024, 0.4070931433299302, 0.3965959658500469, 0.47938279786998467, 0.5990839298200444, 0.4907606086399937, 0.5707061760799843, 0.6122078375900127, 0.6150741040501089, 0.6448642997200477, 0.47497087151004963, 0.5336294491199624, 0.5392244769998978, 0.5965418666000005, 0.5759650061299544, 0.5845258875499348, 1.551779345680061, 0.5784354610700029, 0.5761497856098322, 1.0300389316900145, 0.68762903637009, 0.8903722245400786, 0.008313045970080566]}