{"error": [1.357447297432263e-16, 5.748300778399189e-09, 3.931528166511734e-09, 4.174773146394825e-09, 4.3026265806243296e-09, 3.8755170445205515e-09, 3.989645049447013e-09, 4.063011253390411e-09, 7.631971512141006e-09, 4.3286943815331066e-08, 2.7626456122274647e-07, 2.7795945214678955e-06, 1.3198939064091116e-05, 0.00022306442267177988, 0.000822554126810864, 0.0008422075349911184, 0.0027678951328045554, 0.0027487160704944597, 0.007173090804521987, 0.012633935728464541, 0.016514247297154734, 0.025157034179074916, 0.04325478958092164, 0.04468899161047255, 0.0498547903670835, 0.06556864701612264, 0.0923945815093758, 0.10632410798937762, 0.1133425311646257, 0.13067798195754596, 0.1496300163868913, 0.160430620321054, 0.18040167827988665, 0.19504742143036138, 0.2117392276971701, 0.23743059335916009, 0.22650983485793413, 0.277618653155054, 0.2932552091212064, 0.31806727124652734, 0.3249046852076426, 0.34817626124363826, 0.3514209407918393, 0.37218589655646356, 0.39831567114664, 0.3952800953118338, 0.41531483229250754, 0.45124646300349314, 0.43019663004127934, 0.4566824234214921, 0.48240118570382423, 0.5049855667109443, 0.5204224312711547, 0.5230794107536249, 0.5318561805156974, 0.544573842070852, 0.56516784830427, 0.5621115406469621, 0.5612195205980544, 0.6025511311323338, 0.5900509518999602, 0.6215821182656144, 0.6343840471983123, 0.6250155662740426], "cputime": [0.0009336577500243948, 0.0028913417799913076, 0.005145154779961558, 0.007909698979997302, 0.010900116069983597, 0.013759321390002697, 0.0175988418900306, 0.021845037530001717, 0.025785567679986344, 0.02895608176002497, 0.029295386619996863, 0.029320176879991777, 0.029516486229972543, 0.029333715889988524, 0.029322034309980153, 0.02951299353002014, 0.029323526110010788, 0.029520992360012314, 0.029344963490002554, 0.02933113740000863, 0.029501602449995515, 0.029323346139985915, 0.029326699620023645, 0.02951563318999888, 0.029341509189989665, 0.029526586930010125, 0.029327459860019188, 0.029333473220008274, 0.029501365280016217, 0.029330247249949936, 0.02930862565001007, 0.029503855919988383, 0.02931288810000751, 0.029311125770004765, 0.029521782940023514, 0.02931052797002394, 0.02950309649001156, 0.02934113000000707, 0.029330457229989407, 0.029499867000022276, 0.029331638560011017, 0.029322132839970438, 0.02951052414002788, 0.029340192950003258, 0.029520823290004047, 0.029307951669970862, 0.0293165764600235, 0.029500282289950518, 0.029314523340030974, 0.029316714439978568, 0.029512968060016645, 0.029318718909980817, 0.029350784400030534, 0.029509181890020955, 0.029315828220001096, 0.029517175630003292, 0.029335953140025593, 0.029323029109955313, 0.029515219729996715, 0.029341496070001086, 0.029326208269990276, 0.02949302105998868, 0.029320970339972517, 0.029503682530030346]}