{"error": [2.404711944496129e-16, 3.351228745861979e-16, 6.392508032041521e-16, 8.233835979167667e-16, 9.790283645664142e-16, 1.1498976636436872e-15, 1.1810590478049108e-15, 1.2402865381584335e-15, 1.2984774809614136e-15, 1.4928733921821894e-15, 1.5280452292183395e-15, 1.5106418830548127e-15, 1.4550600051290224e-15, 1.628760426975756e-15, 1.6587624873355997e-15, 1.6764537734360148e-15, 1.7571644079584275e-15, 1.6849831346168217e-15, 1.7032738826748964e-15, 1.718571540099622e-15, 1.889861497621505e-15, 1.80385611968771e-15, 1.8568050063952263e-15, 1.912636649377739e-15, 1.9267638278123935e-15, 1.6678424748200818e-15, 1.6944035404029364e-15, 0.0022858436269875145, 1.7263422952413652e-15, 1.7928729682469023e-15, 1.819898604831249e-15, 0.007636080273374332, 0.025230058843699204, 0.028611744301579752, 0.021592590566668002, 0.03324602215218799, 0.06895815249437942, 0.09538805809666026, 0.167741830296515, 0.17661865711411337, 0.22653985749118033, 0.3014928937566605, 0.31607987541569604, 0.4004677262203782, 0.4400756191653256, 0.4610464902339397, 0.5130808606542812, 0.5381962245795069, 0.575222558129501, 0.593353149737246, 0.6137323250742631, 0.6504262645103247, 0.7208331317028146, 0.7147284010824396, 0.7453273529139278, 0.8135233110850763, 0.8642244532889823, 0.877140549151476, 0.94952514085428, 1.0531450947360181, 1.229901220788679, 1.338586760234938, 1.8081275417703517, 3.136291695017897], "cputime": [0.0008995646499715804, 0.001240309780005191, 0.0015108410000539152, 0.0018277402999774496, 0.002250736920013878, 0.0025454800000807155, 0.002829357750069903, 0.0030275684600019302, 0.0035824816298554653, 0.004076281200104859, 0.004623091580069741, 0.004837455619926914, 0.0055025504899276715, 0.005891224060087552, 0.006792094130032638, 0.007371389229992928, 0.008413731649925467, 0.009108225470044999, 0.010408096030041634, 0.010629410089986777, 0.011992748479970032, 0.013177550570053426, 0.014106749570055399, 0.01591438174000359, 0.017205484209953284, 0.015907242040011624, 0.01754300663000322, 0.02283788597000239, 0.02093060837003577, 0.022241943610024465, 0.024950942240066068, 0.03652271456003291, 0.0775274271901435, 0.08212627744005659, 0.07883282959010103, 0.10373695232003229, 0.14450743527002488, 0.23562965234999866, 0.3491323985000054, 0.421140974630016, 0.4927250919100334, 0.6117332201899081, 0.6560024764300215, 0.729680765649955, 0.7794084288800331, 0.8143729195898777, 0.857701245660046, 0.8720555336400321, 0.9183068185499905, 0.93564248699995, 0.9867260572299711, 0.9188290212000174, 0.97037727499006, 0.9807935714701307, 1.0319536886300194, 1.039887411489999, 1.0975121039300575, 1.10901847549987, 1.1615778357600357, 1.1684255239199957, 1.2309262942499664, 1.239979808590051, 1.2995485288300552, 0.013337369539967767]}