{"error": [1.8251287296629712e-16, 0.07790280979309745, 0.16934070177227428, 0.2146687905071079, 0.26960987832526256, 0.2719343531118621, 0.3368448087296547, 0.35460567465550175, 0.38283341489362976, 0.38470352881120257, 0.42485911080346517, 0.446948364260658, 0.4592930659040045, 0.48091426515755836, 0.46927112652026404, 0.5090641342871681, 0.5142924522908455, 0.514429685609496, 0.5483313141061084, 0.5607091383286176, 0.5592993298848373, 0.5622249481887228, 0.5898805425753476, 0.6019536287210816, 0.5891957393975278, 0.6372855012275163, 0.6214526218092289, 0.6287966577751644, 0.6457425696817595, 0.6570832384761128, 0.6564399567648422, 0.6594231758428782, 0.6852207040221967, 0.6794960821730445, 0.705123536097422, 0.7168466824269975, 0.7123199464934865, 0.7287551968267132, 0.7514863226160108, 0.7679224639459149, 0.7430747614177021, 0.7807830911757675, 0.8104212101101834, 0.8253933617029248, 0.824398820033514, 0.8270991867650619, 0.8560395059201042, 0.9062713546861564, 0.9010472331258965, 0.9095901402963222, 0.9489941370275757, 1.0112647892087403, 1.0240595191837585, 1.057334822855231, 1.1368408372775507, 1.1823827347795313, 1.2434322606954735, 1.3971591828449854, 1.4498366045048032, 1.6373941185859413, 1.9020891513470732, 2.3288504620320474, 4.286829021921405, 13.083763332686518], "cputime": [0.0005647147299532662, 6.368149001900747e-05, 6.66256699605583e-05, 6.682708001790161e-05, 7.045568001558422e-05, 7.379362008578028e-05, 7.76769800359034e-05, 8.087722996606317e-05, 8.6003200021878e-05, 9.368065999296959e-05, 9.879985997031326e-05, 0.00010370978003265918, 0.0001098079300027166, 0.00011709815004905976, 0.0001240771199718438, 0.000129900599931716, 0.00013979021003251546, 0.0001471617799870728, 0.00015638107999620842, 0.000164757840011589, 0.00017447272000026715, 0.00018678479994377995, 0.00019608244005212328, 0.00020533492993308756, 0.000219198530066933, 0.00021026267999332048, 0.0002198022699849389, 0.00022743097999409657, 0.00023791942004208977, 0.0002502496500437701, 0.0002623206899897923, 0.00026528974995017053, 0.0002764216699870303, 0.0002889280599811173, 0.00030166174004079947, 0.0002803945100185956, 0.002565379360003135, 0.0024212933799935854, 0.0028836254999714582, 0.00290970357000333, 0.0033947011300278973, 0.0030183689699788373, 0.003555201210001542, 0.006089382260015554, 0.0035291219599457692, 0.003568823679961497, 0.00361861424997187, 0.003629119119959796, 0.003382392670009722, 0.004203192929944635, 0.00419651684002929, 0.004022514479956953, 0.0041543631999775244, 0.0037718465199031927, 0.004625569159998122, 0.0037657120199946804, 0.0046992838399819445, 0.0038074218099791324, 0.00481928777999201, 0.004674036479964343, 0.0049955142999897366, 0.004793201279981076, 0.005316109600062191, 0.007808964830019249]}