{"error": [1.8251287296629712e-16, 2.8713838834155194e-16, 6.280252430940344e-16, 9.65326480972163e-16, 8.806858665766792e-16, 1.1376256051426893e-15, 1.1484647220311777e-15, 1.193766599505083e-15, 1.2275402753757082e-15, 1.2881567128340865e-15, 1.169712173870933e-15, 1.3099633531823364e-15, 0.008101612718687335, 0.007304061536688925, 1.4622579054421995e-15, 1.4120713430453652e-15, 1.5013982979859655e-15, 0.0067358417983437195, 0.008816665467124028, 0.02804577160103234, 0.021698881843144013, 0.030713901846396302, 0.06581396276077506, 0.04879844122562957, 0.07854437816424573, 0.24705878763953237, 0.22623683577638204, 0.2695954891983194, 0.3389095169084252, 0.35594242986583935, 0.3923788876924721, 0.4642134135687032, 0.5146024043184924, 0.5689937950310744, 0.6032119446008246, 0.6413777908458697, 0.7181401913536775, 0.728410064107393, 0.7461734459594126, 0.764937609806768, 0.7841466932428384, 0.8147560962168816, 0.8524679171750021, 0.882155745573998, 0.8917385745623281, 0.9062023919162407, 0.9378850279963377, 0.9675385965361245, 0.9336458399239846, 0.9392407908693653, 0.9331937466042473, 1.0091070987984603, 0.9769380168245696, 0.9984191757077664, 1.0187315048576624, 1.0111814205462382, 1.011145722168243, 1.0065621320210294, 1.026263944752015, 1.0353854273461358, 1.0405546890849728, 1.0389848243217021, 1.0621859204872266, 1.07485115513337], "cputime": [0.00013683093000025793, 0.00020583752000050026, 0.00027829815999950823, 0.00035150308999988057, 0.00042465503999949305, 0.0005058543900001666, 0.0005889802699999791, 0.0006740137800001378, 0.0007718817799997168, 0.000871460940000901, 0.0009631881599993619, 0.0010766059699999176, 0.0028400728800001217, 0.0029888401900002746, 0.0014722776999998644, 0.0015980625599995334, 0.0017584834900002022, 0.0036280968600003404, 0.00383165285000004, 0.00915615172999992, 0.011926852639999765, 0.010903535989999966, 0.01890570466999989, 0.020441670229999716, 0.030837196639999717, 0.06580655186000044, 0.06055735568000045, 0.07666088273999933, 0.08795365627999928, 0.11149486218999925, 0.10819186949000027, 0.12307317945000022, 0.13487107237000004, 0.1364599620699991, 0.14420148189999737, 0.14786961217000083, 0.14521970355999828, 0.14942736413000232, 0.29728040276, 0.15321068557000272, 0.1499613888600021, 0.14938935558000366, 0.14592148976999908, 0.15767469304999565, 0.15211366885999894, 0.14903310082999893, 0.15014993260999915, 0.16734707042999675, 0.15753539226000157, 0.14748266474000274, 0.1550495604999975, 0.16087473569999816, 0.15121114685999884, 0.14851444766000044, 0.14955329880999899, 0.1662574740399998, 0.19152353852999682, 0.17877915690000465, 0.32112209197000197, 0.21698003878000577, 0.24713953917999676, 0.17186538172000382, 0.1926129318199969, 0.2256293135000044]}