{"error": [7.823325989617922e-11, 4.3086546833903885e-11, 6.109750766107528e-11, 8.868822775294317e-11, 1.1932116331088765e-10, 1.4691733715374902e-10, 1.7516496715493511e-10, 1.9570492096696613e-10, 2.0895347371496637e-10, 2.1536493062314706e-10, 2.6611402993537293e-10, 3.6732069914021187e-10, 5.749877768785086e-10, 5.136983555445544e-10, 7.452564184289445e-10, 0.0029611904632640016, 9.845797843485015e-10, 1.1793790170300712e-09, 0.0037646758169630466, 0.008621741434628924, 0.009628064801901282, 0.008978665102875129, 0.02927805478026481, 0.07451797550046968, 0.07045642817453612, 0.14101429660266376, 0.1255178093373341, 0.17038959229792863, 0.14887917070136042, 0.2132458515426743, 0.2528012120944524, 0.2588094969123746, 0.3093712627112323, 0.33805023097835396, 0.34903648823233174, 0.38292564592222667, 0.38258521261214234, 0.43108090794676535, 0.478438968513278, 0.4759921202608577, 0.45430367212579037, 0.47259805135342775, 0.5004512066707539, 0.5253625388514159, 0.5464458823932353, 0.5505029347837298, 0.5605152706440694, 0.5687710831448826, 0.5683985375167502, 0.5777548092444013, 0.5986747890745299, 0.6080917601611407, 0.6045670427426039, 0.624063808308074, 0.6341297926893709, 0.6379493093865863, 0.6497117347097805, 0.6623800994104766, 0.6510049200095465, 0.6708685156022647, 0.6633717637533302, 0.6785707501270548, 0.6911434998991366, 0.689472943893103], "cputime": [0.009751068829999989, 0.009851093310000029, 0.009972819169999982, 0.010021643479999995, 0.01007916090000001, 0.010138649930000083, 0.010153964880000012, 0.010616146980000041, 0.010600530630000105, 0.010598813340000035, 0.010550879659999915, 0.01053283030999994, 0.010596235889999922, 0.01072672801000003, 0.010767212899999948, 0.010867426990000126, 0.010900318360000015, 0.011157462110000118, 0.0112246458300001, 0.011316171699999877, 0.011524861039999869, 0.011611861690000183, 0.01202033976000031, 0.012320051179999823, 0.012414157299999928, 0.012476838850000078, 0.012671041259999889, 0.012814467379999854, 0.012555674609999876, 0.01251277421000033, 0.012534396749999956, 0.012570117820000205, 0.012452150590000528, 0.012405978310000166, 0.012346095189999674, 0.012312151770000312, 0.012372779370000444, 0.01214179699000013, 0.012056397959999713, 0.012073393250000279, 0.012343580379999892, 0.012406363509999992, 0.012277904890000286, 0.012136078119999994, 0.012186376890000048, 0.012092399160000227, 0.012003625660000168, 0.011922766150000043, 0.012073143200000231, 0.011961328849999902, 0.012039407230000094, 0.011951966620000079, 0.011906015939999933, 0.01195157574000028, 0.011920306920000243, 0.012000265230000622, 0.011923749639999813, 0.011767311779999972, 0.011824640369999742, 0.011730122340000123, 0.011660797300000922, 0.01161645190999863, 0.01158581000999945, 0.011600867119999662]}