{"error": [9.994541148443038e-17, 5.89788557050841e-09, 4.3459085783868214e-09, 4.998329055195735e-09, 0.0003854638813401495, 4.594239046410146e-09, 1.2441214031933154e-05, 3.323174750270324e-05, 0.000883988944459856, 0.004050920533633218, 0.008890999217109797, 0.022153440445039765, 0.02347333322240198, 0.06352371498798902, 0.10375628312258202, 0.12229671358915521, 0.15139388965946712, 0.2137533597732322, 0.2542408235192583, 0.255981610058801, 0.3219104983569983, 0.32856571142377056, 0.3995769963199647, 0.4116898585278217, 0.48092774602934135, 0.4980683851035963, 0.5238075156497556, 0.5242101402119025, 0.5591049343404243, 0.5711799604545464, 0.5944626105305828, 0.6269128787535609, 0.6348936827233096, 0.6418577439690623, 0.6468626563351236, 0.694338993849233, 0.7286973559738992, 0.7078763950911744, 0.7256941871629807, 0.7154417043409009, 0.7412911103773738, 0.7604921427818916, 0.7716396034908592, 0.7657787369247572, 0.7709954389562005, 0.7921203408182719, 0.8161775143901606, 0.8007763384399376, 0.807522079826785, 0.8243995175219858, 0.8582708137170336, 0.8473651992100147, 0.8461757234338017, 0.8464690174614021, 0.8538391150233454, 0.8690934256762236, 0.8537208772654824, 0.8771370949254075, 0.8676381387739073, 0.8673928064987807, 0.8815749501918877, 0.9042484317662592, 0.9037430387375067, 0.8901991129963157], "cputime": [0.0005225030100098138, 0.0004586145899963867, 0.0002576037999995151, 0.00036516522000283656, 0.0005044468800008417, 0.0006462247700017087, 0.0008259338900097646, 0.0010094558299954316, 0.0011436411299996507, 0.001183987179996393, 0.001196157469986474, 0.0012022339700058636, 0.0011986169299984795, 0.0011968365400059611, 0.0011995147300012832, 0.0011964042599993264, 0.0011936893900042378, 0.0011959771799990903, 0.0011987866500021483, 0.0011939088200006154, 0.0011936833899949305, 0.0011909958599960646, 0.0011981638399970506, 0.0011954194800023288, 0.001192308479995745, 0.0011949051399994914, 0.0012017784300087442, 0.0011981720600067547, 0.001192041670000208, 0.00119035117999033, 0.0011960538300036206, 0.0011927523500060034, 0.0011928797799942003, 0.0011911549500018736, 0.0011921505999998771, 0.001201877969990619, 0.0011963629099932406, 0.0011951739400024052, 0.0012036119199967743, 0.001201392760009412, 0.0011974969999960195, 0.0011978527399924132, 0.0011997478900070747, 0.0011929454500022984, 0.0012282216900018738, 0.0012360978299989255, 0.001215633470010289, 0.0011950360899982116, 0.0011938329400004476, 0.0011941149799974938, 0.0011883916599958865, 0.0011944437599925096, 0.0011911820100010573, 0.0011938045899933059, 0.0011975392200065471, 0.0011956206799902701, 0.0011954185200022493, 0.0011947729600012735, 0.001194305260000874, 0.0011978461600097034, 0.0011966702599977453, 0.0011946896999972978, 0.0011967383500063988, 0.0011931309700048587]}