{"error": [1.0236574821678527e-16, 4.877433312702246e-07, 4.479866865780101e-07, 4.76064539761269e-07, 4.170106725521804e-07, 4.4146658657251936e-07, 0.00018014724054541868, 0.0008138747554208719, 0.0014858041753319875, 0.012549528380425747, 0.02402440523931125, 0.02864744732662001, 0.029633142766309725, 0.06420667489038805, 0.09801446592048318, 0.14438760479604587, 0.16731885638082553, 0.2075282445829113, 0.24364170499746574, 0.2970202454523567, 0.3356763058648557, 0.36351705010759894, 0.37255859817034576, 0.4296827380739737, 0.42068095164189306, 0.5035257129871539, 0.5334596295151006, 0.565866450288004, 0.5407622583377744, 0.5823437259104965, 0.599400201381617, 0.5831712398534514, 0.6320332999985279, 0.6399906547468606, 0.6751484198691218, 0.6748963765114766, 0.7145008765864137, 0.7203045422499676, 0.7301088265486565, 0.746624645231281, 0.7565369368022291, 0.7412494690773606, 0.7753775715717139, 0.7723506986958936, 0.8110245538661645, 0.8006044987398536, 0.8133048924501768, 0.8356187296542604, 0.8238192065816304, 0.8300470415465715, 0.8162275818468449, 0.8365428837204385, 0.8397028045292951, 0.8666170049749361, 0.8729530214807323, 0.8507127327275945, 0.8589262954048976, 0.8561034164574253, 0.8705878904573254, 0.8838482754799102, 0.8914873480441499, 0.8898817078442246, 0.8906194569938957, 0.8977020825864642], "cputime": [0.0004785143199967479, 0.00014613828998903954, 0.00021392358999605676, 0.0003023159199960901, 0.0004146672299953025, 0.0005313224199994693, 0.0006727207299957172, 0.0008444150599973455, 0.0010250923799981137, 0.0011371755300035602, 0.0012664342600078272, 0.0012901839699986796, 0.00127472479000744, 0.0012789832899932207, 0.001274479250000695, 0.0012631044699912763, 0.0012394281800072804, 0.001266682329995774, 0.0012705487599998832, 0.0012675534799996059, 0.0012370074099931115, 0.001221992139996928, 0.0012783688399974835, 0.0012683943099966654, 0.00125688258000082, 0.0012668382300114445, 0.001268894869997439, 0.001262630240001954, 0.0012578893199997766, 0.0012675879400069333, 0.001268893639999078, 0.0012695536500018534, 0.0012849956400066275, 0.0012846380700034389, 0.0012559343000020818, 0.0012691572100038684, 0.0012588820200005557, 0.0012946906699960437, 0.0012734941800010802, 0.001254782780000596, 0.0012896414499971342, 0.0012529931799974748, 0.0012837895600057436, 0.001265774019999526, 0.001278436099994451, 0.001266219860002593, 0.00126034695000385, 0.0012663578100023188, 0.001263378910003894, 0.00126167109000221, 0.0012633339399997113, 0.0012703554800032179, 0.001272610459993757, 0.0012707597500036627, 0.0012654062599926875, 0.001259598130006907, 0.001261973749997196, 0.0012624089299993102, 0.001257503760000418, 0.0012854889600112075, 0.0013016220000031354, 0.0012757686200006902, 0.0012547974899973723, 0.0013700851899989175]}