{"error": [1.0123911107613707e-16, 3.788896872760458e-07, 3.6466216862233153e-07, 3.888340950403102e-07, 3.446406138498575e-07, 3.359499731470163e-07, 3.423304915579926e-07, 3.6628008454732274e-07, 3.386232225261129e-07, 3.513251036676563e-07, 3.560605607709017e-07, 5.066236068861429e-06, 0.007617849270914818, 0.013039574936871214, 0.022892884772529962, 0.03116604910393107, 0.0220590347278427, 0.03640959975877835, 0.06781375473167663, 0.07698249368153999, 0.11622356678456178, 0.16435937656007724, 0.22891897987077403, 0.30025246569019104, 0.2778533475567079, 0.38114996899029946, 0.35742915831837174, 0.42931531675888485, 0.4054711273418065, 0.4441024525556054, 0.4711431786035678, 0.5023441087416686, 0.5187798672452868, 0.5418159465816157, 0.5762795933620393, 0.5896121394295273, 0.5818002392827354, 0.6086345801898048, 0.6364420253424261, 0.6511624409598027, 0.6181313866240157, 0.6482068035319002, 0.6706888347543906, 0.6663382738822345, 0.6762887767973759, 0.6689450522763687, 0.6801771092219139, 0.6825535783896243, 0.6770154736329005, 0.6870494250831158, 0.6995986429730359, 0.7119857729234425, 0.6959623586062693, 0.713849789838347, 0.7167988815235841, 0.7153003157834962, 0.7034038317494691, 0.7326262915829703, 0.7237067358207672, 0.7160243926140747, 0.7301042594468846, 0.7221026081776905, 0.7270896157987855, 0.7266355854864069], "cputime": [5.111722999799895e-05, 0.00023687297000492434, 0.00039170084000829776, 0.0004795584599992253, 0.0006218103499998052, 0.0007199393499888629, 0.0008075129299982108, 0.0009300298799973917, 0.001036317560005955, 0.001153337019998162, 0.0012568664300056298, 0.0014325511900028687, 0.0015586392799980331, 0.0017605366199973105, 0.001987324010000293, 0.00229498999998782, 0.0024491816699935497, 0.0027122983699985072, 0.003111959389995036, 0.003296471620004695, 0.0035551861999965693, 0.003763330670007008, 0.0039939578200051075, 0.004076315870000826, 0.004052212050000889, 0.0042418829799999004, 0.004184296949996451, 0.004392353219998313, 0.004335786100000405, 0.004335706390010046, 0.0042478072900053124, 0.0041768319899995274, 0.004174730400003455, 0.0042585377299974424, 0.0043297823099919695, 0.0043863886800011185, 0.004224323180006877, 0.004285100620003277, 0.004410503409999365, 0.004240269919999946, 0.004257217629995012, 0.004288177289997748, 0.00428578878000053, 0.004300733370002945, 0.004318964109997978, 0.004330101289989443, 0.0043055262300049435, 0.004323986090006429, 0.00435529281999834, 0.004347222009999996, 0.004360725410001578, 0.004348067449998325, 0.004381882620003807, 0.004373517589992843, 0.0043787365800096725, 0.004398586160004925, 0.0043867532399985976, 0.004390906320001022, 0.004357192909998276, 0.0044880783199960205, 0.004413375839992568, 0.004443960879996212, 0.004472292369999877, 0.00444688605000124]}