{"error": [1.9760846003626049e-16, 2.942219626071783e-16, 6.193285330318885e-16, 9.415977852256568e-16, 7.061241658747833e-16, 9.481585244007344e-16, 9.415283113047935e-16, 1.1601546381224987e-15, 1.2973269039665734e-15, 1.1734655694956017e-15, 1.281291248806799e-15, 1.3377853449023647e-15, 1.3474248000755607e-15, 1.482327346274904e-15, 1.495063496445925e-15, 1.5847541233356804e-15, 1.6635060362526202e-15, 1.5576986612516029e-15, 0.01929854254330106, 0.011085411022191185, 0.019835723481964683, 0.03505341384045855, 0.06128118255641442, 0.0775879093335311, 0.16136327256513333, 0.19694001907697029, 0.2784622909576815, 0.27759714114598283, 0.2865139964077737, 0.39997022610981114, 0.43572564851734064, 0.5231208563348975, 0.5280749782589478, 0.531037861540197, 0.6221097957272996, 0.6644210966654525, 0.7409509625703565, 0.7097896808821376, 0.7248569243656999, 0.743066832859587, 0.8025928008013926, 0.8390292997829364, 0.8452134743689791, 0.8622318338068722, 0.8493168011414437, 0.867501062085919, 0.9297692908650003, 0.9367532510519523, 0.9125484586473125, 0.9463990959644083, 0.9594571897650552, 0.9733648257310715, 0.9788665461490867, 1.0077491091899022, 1.0168382623243464, 0.9901472341245969, 1.0085389838024144, 1.0260106557992075, 1.0349052892076158, 1.021367070151526, 1.025346024782336, 1.0582449432647532, 1.0441573765829448, 1.066369251137719], "cputime": [0.00013536818000019934, 0.00020825198000110846, 0.00028349077999976656, 0.00035454937000011454, 0.0004289413699989097, 0.0005105370899995876, 0.0005947620099993855, 0.0006783955399991726, 0.0007760013900002605, 0.0008731377000013651, 0.0009758449500004929, 0.0010835274199995125, 0.001198656849999793, 0.0013304734000004715, 0.001483865730000815, 0.001617208070000231, 0.0017709627200002843, 0.0019735617499996748, 0.005417847790000394, 0.005976175229999683, 0.007699773060000154, 0.013448551459999862, 0.01617519248000008, 0.02735476590999994, 0.046024200900000097, 0.05565274421000055, 0.07533541407999991, 0.08624098920999955, 0.08700060234000062, 0.10911506171999989, 0.11937647801000083, 0.13794165868000108, 0.1403220509900004, 0.13765475436000088, 0.15847740364000118, 0.16174501777999808, 0.15500430120999822, 0.15340694608999997, 0.16287312980000082, 0.16031778801999735, 0.15984961624999927, 0.16309376683999857, 0.16412273052000217, 0.3075858999599973, 0.15878353754999922, 0.15638426589999996, 0.1586061855999975, 0.16181638301999668, 0.16100284869999426, 0.15593632861000345, 0.1617413599000031, 0.1615074389599994, 0.16243664998000157, 0.15945573352000225, 0.16080933692000599, 0.17984130677999702, 0.2216892263099976, 0.1661786871100037, 0.15876830520999874, 0.16916993697000293, 0.15915392762000125, 0.1639873168500094, 0.313031393240002, 0.1636923571000034]}