{"error": [5.1367718970326234e-11, 4.585603180851878e-11, 6.690453571281498e-11, 9.370412485878312e-11, 1.0258838360329738e-10, 1.1711619609089033e-10, 1.9065328358634098e-10, 2.1055207422035084e-10, 1.8872585793113846e-10, 2.4386409283210185e-10, 3.753557414997873e-10, 4.036001881654509e-10, 4.336176170032301e-10, 5.701671260438943e-10, 6.860182152932651e-10, 2.130744751206134e-05, 0.002622099504388886, 0.0020416869701663882, 0.004758058599812164, 0.004050439925367156, 0.01109535949687725, 0.02925674758130472, 0.0582389799921117, 0.045736240601712906, 0.06911170280251579, 0.09788496226652135, 0.13979816686799368, 0.1829433166772317, 0.20251258143100223, 0.2287275178865055, 0.24744107844721344, 0.27250422358939697, 0.3178423617625407, 0.34031191623398693, 0.35651212037922475, 0.381207021786096, 0.39100024506819175, 0.46584444498276023, 0.43284403817230677, 0.4623978125255961, 0.4577554974953701, 0.49604364564681064, 0.5334674375268985, 0.5122631639533337, 0.5280885805371252, 0.5383517881265296, 0.5610441299363707, 0.5670150744799869, 0.575190072321939, 0.586018996253926, 0.600897932573118, 0.6061990354996248, 0.6063133506150595, 0.6099352746631002, 0.6227525726740698, 0.6415508405927979, 0.6561129220148884, 0.667046036455806, 0.6456024407912047, 0.6836703940807773, 0.6729885408447633, 0.6714665453026076, 0.6833826077952336, 0.7061599224613923], "cputime": [0.010219550000000006, 0.010274585769999988, 0.010293007160000008, 0.010132865690000003, 0.010267957849999974, 0.010405843049999995, 0.010472363750000015, 0.010378377070000023, 0.010628358210000143, 0.01080435292000006, 0.01092698052999994, 0.011024772459999993, 0.011174320539999965, 0.011269527240000042, 0.011348439940000397, 0.011512477259999977, 0.011459249179999915, 0.011726064209999975, 0.011668954169999921, 0.011900361389999965, 0.012471612639999918, 0.012709895609999933, 0.013183488510000068, 0.01321634483000011, 0.013163129030000107, 0.013298177940000003, 0.013720199650000068, 0.013356420239999984, 0.01360201582000002, 0.013817957489999984, 0.013360447929999637, 0.013131598929999625, 0.013041745259999758, 0.013044129620000362, 0.012854357389999863, 0.012868781530000461, 0.012980155800000332, 0.012782266860000035, 0.012626634440000046, 0.01284105072000024, 0.012739216479999768, 0.012941554379999972, 0.012743152440000216, 0.012739245720000198, 0.012694943789999797, 0.01322985342999992, 0.013151553609999525, 0.012647377299999646, 0.012940433799999625, 0.012581615870000036, 0.01307347197999988, 0.012392643300000472, 0.012435998039999134, 0.012654915830000136, 0.012550782350000133, 0.01289912111999996, 0.0128496825699996, 0.012626909410000735, 0.012606093239999297, 0.012593484859999933, 0.01256158262000028, 0.01257571929999898, 0.012644996950000263, 0.012486619189999573]}