{"error": [2.5885022203449625e-16, 3.3129251799762376e-16, 7.134178562503916e-16, 7.115575617719289e-16, 7.981307307009187e-16, 1.0845229278870992e-15, 1.0556242822681425e-15, 1.2759989126824819e-15, 1.21409341360759e-15, 1.40968888991598e-15, 1.3087064121425612e-15, 1.4025037083628562e-15, 1.5491748607699014e-15, 1.4331623483104865e-15, 1.4763006534346795e-15, 1.6593786957115866e-15, 1.7074569880849361e-15, 1.956020156194222e-15, 1.7567508429196616e-15, 1.6930386146265294e-15, 1.7757241866100501e-15, 1.8806438892662156e-15, 0.0025165082474280357, 1.896795695152344e-15, 1.860193860476815e-15, 0.0012814117306777137, 1.6817079583040793e-15, 0.002833492756616264, 0.002627707529950505, 1.6509450649907824e-15, 1.760689122872972e-15, 1.7831697207861206e-15, 0.015017797527888541, 0.03309069908492082, 0.03193598785393156, 0.06743636062261854, 0.09505901699107362, 0.1128533206962628, 0.16740707273558952, 0.19089402822364895, 0.24114936074841078, 0.31679076382814086, 0.3537486951305378, 0.4063606038818527, 0.4347439552593684, 0.4741252600139621, 0.5182788017291101, 0.5412034971943424, 0.5673724773062504, 0.6062810812951005, 0.6407324133756674, 0.6640551311934744, 0.7229037286637727, 0.740286485537769, 0.7905567798993332, 0.8208878021269739, 0.8447526674704413, 0.8832353662619713, 0.917203796859112, 1.0548920951550973, 1.1593033233789687, 1.3289567560796534, 1.7265286288833142, 4.3251429434050435], "cputime": [0.0010798381190397777, 0.0009443396606366151, 0.0011210643505910412, 0.0011977619494427927, 0.0017353706693393179, 0.0017355957799009046, 0.0017953755412600002, 0.001927352029888425, 0.0028791865198581944, 0.0024293503712397068, 0.0029056966198550073, 0.0030427075711486396, 0.003526823321299162, 0.004544084700755775, 0.003911685650527943, 0.004552851280459435, 0.005782354019611375, 0.00531911718993797, 0.009179256939532934, 0.006515385169768706, 0.006988119339948753, 0.007803592099371599, 0.011087948719359702, 0.009278734120016452, 0.010314147979370318, 0.012131462749675848, 0.010806328588514588, 0.01718667080072919, 0.014940847069956362, 0.014462205691233975, 0.014702295689639868, 0.0178658435192483, 0.03714342212086194, 0.04371623750965228, 0.05394987962135929, 0.2317612044000998, 0.09698352065097424, 0.12610038216895192, 0.19118572028019115, 0.24620276059155002, 0.259563587919838, 0.3397750519606052, 0.3977759715802677, 0.382148502459022, 0.40651429449091664, 0.4115819858602481, 0.5916199028090341, 0.47410942516915383, 0.5151220594496408, 0.5214590536392643, 0.5143321209400892, 0.49502410195040286, 0.5249220097599028, 0.685178529490513, 0.5567305418103934, 0.5537311778089498, 0.5526577375206397, 0.5870816579800158, 0.610169325980387, 0.7561702336693997, 0.6128069081806461, 0.6131783010390063, 0.6372545665293, 0.0063653378501476255]}