{"error": [2.5885022203449625e-16, 0.020949470239487976, 0.06714059148946055, 0.08287358832101534, 0.12362400280759936, 0.13945020192899515, 0.1481753761901983, 0.16547447649151947, 0.18650405007009535, 0.17766154388494648, 0.21496109815231232, 0.21433641107483722, 0.22379113938819495, 0.22191463622466798, 0.2581385416442966, 0.27140002395709867, 0.26734156287284666, 0.27250268644924097, 0.2833434273016901, 0.2986400192632179, 0.30396463625172226, 0.31176866220236915, 0.31612756217403853, 0.34056892603517447, 0.3445112713674186, 0.352179075831952, 0.3491940402288748, 0.36348438015707013, 0.3760843398002557, 0.40094720768161696, 0.3928368678447434, 0.39357270095503943, 0.41076777825694144, 0.4195554241231239, 0.43470976791847993, 0.4316416851272492, 0.4510231102486557, 0.46134337263898706, 0.46619636254630525, 0.47191832234803033, 0.49036001179101385, 0.5298983532963625, 0.5167302040371999, 0.5198769794158953, 0.5230041578592521, 0.5484268753254665, 0.5668573563834315, 0.5664063212402314, 0.5924030821814061, 0.6098254372306908, 0.6351102082097381, 0.6440703527415345, 0.6828147061368439, 0.6989928962661526, 0.731071325632745, 0.7580460241094472, 0.7923046131808151, 0.8126417977616149, 0.8637719939913019, 0.9737404600520607, 1.0829859093371796, 1.2649859115609174, 1.701830313885902, 4.3251429434050435], "cputime": [0.0003465470105584245, 0.0003132196809747256, 0.0007465377297194209, 0.0009514934505568817, 0.0004362074889650103, 0.0004115365308825858, 0.0009214301803149283, 0.0006322205203468912, 0.000749401359789772, 0.0006176384394348133, 0.0006989476298622321, 0.0010984422596811783, 0.0006665232812520116, 0.0007314160992973484, 0.0012796935898950323, 0.001120170489011798, 0.0016766028602432925, 0.00120853126005386, 0.0016774412294034847, 0.001149453160178382, 0.00174371918066754, 0.0017635127702669707, 0.0022693140401679555, 0.002727456240245374, 0.002130731940123951, 0.0020788212395564188, 0.0022538052601157686, 0.0022353407392802184, 0.005718415849551093, 0.0025651109898171855, 0.0029086950802593493, 0.0026833580499805976, 0.0027206565490632785, 0.0036855535610811783, 0.0027381032294943, 0.002807072389841778, 0.0027891013893531634, 0.0037054881096992174, 0.00318197743021301, 0.0037192163297731897, 0.003425733819894958, 0.0036213379206310493, 0.00451444739010185, 0.0037387352291261776, 0.004007095190609107, 0.004515092538640602, 0.004258920489955926, 0.004618791519751539, 0.004566014079609886, 0.004400088770053117, 0.004829176749917678, 0.005247548899787944, 0.006793842219922226, 0.00536515993939247, 0.005270712190977065, 0.005528908240521559, 0.005293546949396841, 0.005298921419598628, 0.006014833809895208, 0.005957619759137742, 0.005789193159580463, 0.006729360429453664, 0.006136618629097939, 0.006173234749439871]}