{"error": [1.5256177268472217e-16, 5.036472364646895e-06, 3.206734186246162e-06, 3.2963028222263954e-06, 3.087017751354557e-06, 2.734012917567047e-06, 3.070967239107667e-06, 2.8475469372209703e-06, 2.8566868006451165e-06, 2.7662371556613914e-06, 2.5956237674731396e-06, 2.6970244853395674e-06, 2.6988116299753487e-06, 2.7082424076051686e-06, 2.7231284973453092e-06, 2.780567122150723e-06, 2.8378730881272758e-06, 2.922305292423048e-06, 2.7943740754477716e-06, 2.8893494643011544e-06, 2.9934619883248697e-06, 3.1667636609534573e-06, 3.0343862367654765e-06, 3.151972377680831e-06, 3.159197397177529e-06, 3.190809892533289e-06, 3.34556242702994e-06, 3.331919995593192e-06, 1.7217573828126523e-05, 3.374674385685543e-06, 0.004715472612001449, 0.020402041100815935, 0.028919775762190195, 0.061644010316265895, 0.0630170563845784, 0.115356121157871, 0.16650750019763932, 0.17671715123212084, 0.2264336086300045, 0.27250377746317794, 0.31037069803574924, 0.3927728221514312, 0.40280606088889137, 0.41897898067251255, 0.4408196378004593, 0.47939440449462706, 0.5116532891987933, 0.5059165151409954, 0.5369959136521398, 0.5616899731729307, 0.5692975962145005, 0.5876226899049839, 0.6226310625578826, 0.6219668086743879, 0.6547522020229846, 0.6350072248264336, 0.6506986781064734, 0.6420156684037831, 0.6642520721345508, 0.6898533235339248, 0.6947410149767067, 0.7064805783458956, 0.6931936332429243, 0.6983003870286505], "cputime": [0.0015430811393889598, 0.0021442767603730315, 0.0028184365296328906, 0.0033061517095484307, 0.0040618099198036365, 0.004612066300032893, 0.004828266809636261, 0.005773757469287375, 0.006480330439371755, 0.010688442320533795, 0.008165684739215067, 0.011915197140770033, 0.00894954926945502, 0.010184614270256133, 0.011960794829501537, 0.01128531098991516, 0.011224419440550264, 0.012581737719883676, 0.015383903959591407, 0.013738486378279048, 0.015401379039976746, 0.0168194315789151, 0.022898810740734916, 0.020614326659415382, 0.020496586219669554, 0.021797958249226212, 0.02147870065047755, 0.026100719250243855, 0.02561192281995318, 0.02960620864032535, 0.03256479353018221, 0.03451711456043995, 0.03623522745096125, 0.040988754110730954, 0.041733782490191516, 0.047640867299196546, 0.04702210449060658, 0.04907731162835262, 0.04685055817142711, 0.048647547079162905, 0.05056369315978373, 0.05609917393885553, 0.04918486986935022, 0.047878985110583014, 0.05266902976873098, 0.04705133468902204, 0.048377706640312684, 0.05076212251020479, 0.04608204083007877, 0.05335562267020578, 0.05296649178053485, 0.05981243386893766, 0.06574672492017271, 0.04868491449044086, 0.0522436198311334, 0.047700755499245136, 0.05907497662075912, 0.05817756381031359, 0.049321640450216364, 0.0522479011186806, 0.058080611940531525, 0.057505377188936106, 0.0652835028791742, 0.06461441916922922]}