{"error": [4.4509919958282565e-12, 2.479584939126606e-12, 2.656669221055645e-12, 3.807950534233448e-12, 6.096443435041643e-12, 8.647499020553627e-12, 9.992902320572707e-12, 1.0262227611696694e-11, 1.2754017245004306e-11, 1.1943188943677618e-11, 1.7412002239435396e-11, 1.9760279646179288e-11, 2.3444786080110722e-11, 2.4996024395465422e-11, 2.6307806961455976e-11, 3.755259033121551e-11, 3.730438159411204e-11, 3.2641205734150964e-11, 3.5154061413291223e-11, 4.211405019197462e-11, 5.398899125887834e-11, 5.918026869667113e-11, 4.851789950973539e-11, 6.391597369487141e-11, 5.949431626510203e-11, 8.058831052504382e-11, 9.150323936521316e-11, 9.839070112955961e-11, 9.58814714055729e-11, 1.1009273287867107e-10, 1.2138657082515046e-10, 1.3667449021609868e-10, 1.4852752027047562e-10, 1.6298468496868493e-10, 0.00048218833752368905, 1.9140619271792467e-10, 1.992929335713782e-10, 3.243155750366621e-10, 0.004212798701099239, 0.000482056210555778, 0.0019270808335861342, 0.0064369052518395975, 0.0034462690923332136, 0.0029920242936784954, 0.0064601232687273805, 0.020844250719218915, 0.025391412808399537, 0.02369379992876858, 0.03614953989140248, 0.04085880322112114, 0.05166588431652628, 0.059358499906686804, 0.09762615763773282, 0.10352350450016903, 0.11140507427833798, 0.1420085807843904, 0.14369978551373727, 0.15948199526107693, 0.18104177580376646, 0.19220461819922477, 0.20154740886609585, 0.22222136043327673, 0.21765092032088906, 0.23864410585918422], "cputime": [0.09424729619975551, 0.09579486890943371, 0.0960102321098384, 0.09706961965915979, 0.09751562795048813, 0.09888701375966776, 0.09927116142906016, 0.09950404368006276, 0.09948534170995117, 0.1003622166790592, 0.09996170946120402, 0.10087446934019681, 0.10083555324134068, 0.10108238735119812, 0.10165629041977808, 0.10227770334953674, 0.10373804118120461, 0.1032774751195393, 0.10305940567050129, 0.10332389497954864, 0.10322723191988188, 0.10362873835954815, 0.10326644857981591, 0.10286907618006808, 0.10249448470058269, 0.10476304178970168, 0.10514650565994088, 0.10626499858990428, 0.10621655615032069, 0.10445560590946115, 0.10557451911023236, 0.10702162075132947, 0.10686969790956936, 0.10858594675024506, 0.10650666743851617, 0.10682919260900235, 0.1080391790898284, 0.10766019294940633, 0.10871584478081786, 0.10782550885996897, 0.10918814671065774, 0.10957007551915013, 0.110651135740045, 0.11080759442964336, 0.11128282537101768, 0.11392619411009947, 0.11418905655984418, 0.11346292175017879, 0.11290687016982702, 0.11423517155970331, 0.11553703235069407, 0.11372437616097159, 0.11395897628986859, 0.11553609119029716, 0.11502738475886871, 0.11408947582021937, 0.11424427420977736, 0.11434461168013513, 0.11380540898011532, 0.11418247059933492, 0.11257990784040885, 0.11354399067990016, 0.11428399835058371, 0.11315020773967262]}