{"error": [2.5885022203449625e-16, 3.3129251799762376e-16, 7.134178562503916e-16, 7.115575617719289e-16, 7.981307307009187e-16, 1.0845229278870992e-15, 1.0556242822681425e-15, 1.2759989126824819e-15, 1.21409341360759e-15, 1.40968888991598e-15, 1.3087064121425612e-15, 1.4025037083628562e-15, 1.5491748607699014e-15, 1.4331623483104865e-15, 1.4763006534346795e-15, 1.6593786957115866e-15, 1.7074569880849361e-15, 1.956020156194222e-15, 1.7567508429196616e-15, 1.6930386146265294e-15, 1.7757241866100501e-15, 1.8806438892662156e-15, 2.142675044560549e-08, 1.896795695152344e-15, 1.860193860476815e-15, 1.6093221147506033e-15, 1.6817079583040793e-15, 1.6919936084737922e-15, 1.6771159076745756e-15, 0.0037531304874925315, 1.760689122872972e-15, 1.7831697207861206e-15, 0.0435976556165169, 0.13156033609132892, 0.1871891119227163, 0.24678890148451513, 0.30021449548390533, 0.33200707074445346, 0.36003381588153416, 0.3953438993496662, 0.4118877465711444, 0.44828017735994846, 0.4624826939152754, 0.4747443619176308, 0.48309908011268066, 0.5051701709223533, 0.5440670329843855, 0.5365458796352616, 0.569480203410085, 0.582209788408135, 0.5886510499628711, 0.6100517735332653, 0.661749334505719, 0.6709244129692441, 0.697860308203194, 0.719118302885414, 0.7757319348316831, 0.79294201755292, 0.8696866361936411, 0.9593434838780572, 1.0598010762535344, 1.3716375715965108, 1.6565659070779666, 4.3251429434050435], "cputime": [0.003803970644949004, 0.0029927574897010345, 0.0028522415397674193, 0.0027651984958502, 0.0028054265465228432, 0.0029887507483363153, 0.003185769814735977, 0.0037405785385959058, 0.003951817149616545, 0.00414324644798233, 0.004372659067315302, 0.0046337647836480755, 0.004890165564117654, 0.005192265003085291, 0.005465048123469387, 0.005804825665631249, 0.006128997883643024, 0.0065995543992290835, 0.006949367066757986, 0.007304187482112043, 0.007721514311997453, 0.008157327536698532, 0.008611956831415834, 0.009197056823753519, 0.009671861639396342, 0.010152237097575347, 0.010630538065145499, 0.011267234966708829, 0.011833862912807186, 0.012775328357872035, 0.013522269819181929, 0.015516124478304074, 0.03840801555421529, 0.07140135834440506, 0.09961448511981466, 0.12385624468631372, 0.15236312553509426, 0.17588382537906933, 0.19761314415009837, 0.22308755289621598, 0.2448018668946454, 0.2667902791480362, 0.2909113037548807, 0.31161085277610495, 0.3359222871474776, 0.3601085752605162, 0.380832841718208, 0.4019911530525311, 0.42380884858266216, 0.44579809457378683, 0.4631289085154444, 0.47965195435120445, 0.5044567939215442, 0.5287406744235221, 0.5543968489022102, 0.5824854826382995, 0.6058158417890332, 0.6301618584597403, 0.651211174278423, 0.6724776361053346, 0.6893700841633038, 0.7094978263961047, 0.7272578364197488, 0.7163238939806716]}