{"error": [1.3540079315939256e-11, 2.4487960868451306e-12, 3.334211336506281e-12, 3.929445288082752e-12, 6.914209017613509e-12, 7.805739871790625e-12, 8.809963923342722e-12, 1.0885340049241562e-11, 1.1228585375545727e-11, 1.552528834222854e-11, 2.3957727554912518e-11, 2.223696505168992e-11, 2.2125711428398198e-11, 2.2454777334514537e-11, 2.8705126138715275e-11, 3.759538333985587e-11, 3.7981904653059076e-11, 4.524343109551348e-11, 4.8578399044235986e-11, 4.090218530551965e-11, 5.991824474924238e-11, 4.577390356980089e-11, 5.99741724627156e-11, 7.52168053958769e-11, 6.829339046463084e-11, 7.977078351514472e-11, 9.015401272524131e-11, 1.1000565173542584e-10, 1.0066048519511104e-10, 1.0819966899688606e-10, 1.5376606003171907e-10, 1.5818246249010128e-10, 7.299940613993292e-10, 2.1613330281546563e-10, 2.9267208264594377e-10, 7.881609077157004e-06, 2.334528251327411e-10, 0.0004664265329219233, 0.0002716812032400371, 0.000647162407454111, 0.002698406237283653, 0.007368817688502441, 0.005956667037578462, 0.014974024265894347, 0.016151260982132452, 0.020477770103893813, 0.02283434787196879, 0.05648493967641424, 0.06940366191527002, 0.06358185558967343, 0.074803025367943, 0.09852117810148452, 0.09912569712280613, 0.14183755230382133, 0.12460521984334808, 0.16489547560377915, 0.1528567847237347, 0.1927141719369633, 0.2055645869930377, 0.23950829638199003, 0.2296896520660313, 0.2341217135196698, 0.2774500839295147, 0.27087009362526715], "cputime": [0.09616743302000003, 0.09606496716999999, 0.09638333310999975, 0.09861418584000009, 0.09772818029999997, 0.09926770861999984, 0.09887541133000007, 0.09985978957000001, 0.09975163797000007, 0.10100262089000026, 0.10102437206000019, 0.10320364887000096, 0.09497542028999958, 0.1012897697000011, 0.10160530416999905, 0.10141545072999918, 0.1027217825200006, 0.10262437592999958, 0.10372054402999964, 0.1035662020800001, 0.10383701451000035, 0.10428859990000035, 0.10443743475000077, 0.10497457533999807, 0.1046250836199971, 0.10431762681999998, 0.10314515435999909, 0.10501502481999808, 0.1055360594799987, 0.10581850224999982, 0.10568748793000168, 0.10607891465000194, 0.10547430352000448, 0.10611167851000175, 0.10656431807999751, 0.10675966192999624, 0.10657201255999496, 0.10801853831000187, 0.11072944406999795, 0.10959671444999401, 0.10899104969000291, 0.1098805502200031, 0.11222930069999507, 0.11286156872999925, 0.11030360148999989, 0.11347885308999991, 0.114306243030004, 0.11477535383999679, 0.11580256461999966, 0.11382784702000777, 0.114885849129995, 0.11536282638999751, 0.11568479426999374, 0.11514442281000015, 0.11664735836999852, 0.11510412814000119, 0.11453142156000695, 0.11332646863999457, 0.11433598768999786, 0.11294879583000238, 0.11294154094999725, 0.11257893759999775, 0.11226148007001256, 0.11297906329000285]}