{"error": [1.227204828632143e-16, 4.825454954412656e-06, 3.9914587806865556e-06, 4.2094725296424e-06, 4.219788074822808e-06, 4.258138127751588e-06, 3.881474015661625e-06, 3.984301005077599e-06, 3.788499898631055e-06, 3.738565702400376e-06, 3.650773424073946e-06, 4.3459707007141695e-06, 9.639865287519574e-06, 2.603258092557839e-05, 0.00016386204365327807, 0.00025752869057374736, 0.002058329189305522, 0.002538956171994314, 0.005810958996143609, 0.01199226129292598, 0.013101310408451736, 0.02536501932487732, 0.03827387248264939, 0.048202048988315996, 0.05773262976509508, 0.07751100008733192, 0.08964687113902706, 0.10154165745536382, 0.11711618537757389, 0.14123446159991718, 0.1523822980746893, 0.16135294609728112, 0.1673161463767943, 0.20793297249652806, 0.21991717134387698, 0.24626869385031497, 0.27081207463032825, 0.27950475229571053, 0.2989685907364756, 0.3086058486247351, 0.34037928226360087, 0.3497897855295309, 0.37313576533942805, 0.3784070153958379, 0.4016895869808041, 0.40669177644702514, 0.4327553829480311, 0.42055614007646475, 0.460030904839477, 0.46669115172120873, 0.48206063791814296, 0.5120530406963043, 0.5190278988358283, 0.5413720035251994, 0.5619990508631255, 0.5614752917758676, 0.5625873598699839, 0.5525803456807838, 0.5835130507912517, 0.60440795929389, 0.596728551396074, 0.6172368366923667, 0.6318161491094476, 0.6375571680694964], "cputime": [0.001501853439840488, 0.0013296587500371971, 0.0021068034096970224, 0.00313408870017156, 0.004269344730419107, 0.00571666456933599, 0.0064624365001509435, 0.008798456519871252, 0.010319396361010149, 0.011589834420010447, 0.013414890080457553, 0.019317634479375557, 0.01773117221906432, 0.01888035969968769, 0.017780709720100277, 0.018644378089957173, 0.021279647769406437, 0.018076098930614536, 0.018563762418780244, 0.018314947060425767, 0.019306396199390292, 0.01890074232913321, 0.018563747810258064, 0.017953571340622147, 0.0181195977407333, 0.02172380112038809, 0.0226705235998088, 0.019507398139539875, 0.019837117948918605, 0.024714563160232503, 0.018203283309558175, 0.017973214290250325, 0.018587160400638823, 0.018406609000376193, 0.02171654937948915, 0.019039703569869743, 0.018045105490455172, 0.01839573646997451, 0.020847131820482902, 0.018018555590533652, 0.01832319213965093, 0.018546754299022722, 0.018589849189447706, 0.022844461269269232, 0.01874092013022164, 0.01819695950980531, 0.0182955811888678, 0.018203822280920576, 0.020225577119999796, 0.018018023839686065, 0.01818188828998245, 0.01759347263054224, 0.022105409870273433, 0.01845352561082109, 0.018419417240365873, 0.01761383993929485, 0.01879302113055019, 0.020309579020395176, 0.01811009819037281, 0.01780925980041502, 0.01794966089000809, 0.017892765869619326, 0.020821530300599987, 0.017208893300121417]}