{"error": [2.583397600971846e-16, 0.020849485628789535, 0.047409848211250834, 0.08174669959088882, 0.10485521626878189, 0.13003214575774583, 0.15651158413664606, 0.17373376044308464, 0.18773670499933906, 0.19948434738952056, 0.22015616802200955, 0.22132434523361955, 0.22957490905569408, 0.23657631206946333, 0.2500760910915955, 0.2715231250856005, 0.2870681815112347, 0.28197044322387893, 0.3021870845794291, 0.31551703245072654, 0.312876639656025, 0.30774815815160245, 0.33063646272420677, 0.32560751013404116, 0.33862191443196005, 0.3530883943294129, 0.3623361000882271, 0.38165883164372083, 0.37901640258092895, 0.3889901870931618, 0.39917132897705593, 0.4353855310160973, 0.41509006342282584, 0.4084472758936936, 0.4606824059886306, 0.44277921309083385, 0.4601137776313645, 0.46161194663308636, 0.4701034165002781, 0.48342769127454127, 0.5071409681374752, 0.5324558425333183, 0.5355774119839611, 0.5299822546591688, 0.54211776168319, 0.5672790846680441, 0.5686499240633673, 0.5841120148875845, 0.5963831869896034, 0.605785950477787, 0.6282028727662979, 0.6493740955509009, 0.6770422583339523, 0.7066949940249408, 0.7310584643620827, 0.7496579884826656, 0.8129170796122439, 0.8554130331445592, 0.9135429320514571, 0.9533724147080253, 1.107887116435033, 1.318693223871168, 1.8147922614224197, 2.890370615852041], "cputime": [0.0004587683199315507, 0.0006574826200085226, 0.00046708993020729396, 0.0008017500399364508, 0.0009392605500215723, 0.0003072238899221702, 0.0007478924099450523, 0.0008297877400218567, 0.0009710514499965939, 0.0008040905300003942, 0.0008048859200607694, 0.001005617630053166, 0.0009344151598452299, 0.0014533449600094173, 0.0016008301799956826, 0.0011434035598904301, 0.0012814875400181335, 0.0016032982000979245, 0.00162864295003601, 0.0019185727500735084, 0.0015788014798999938, 0.0018959091400029139, 0.00249425729003633, 0.0024004906600384856, 0.0026098782999360993, 0.002353701299998647, 0.0025773268699595064, 0.0026649806100613204, 0.002784518219941674, 0.0028537035600675153, 0.002973735559880879, 0.005745196809966728, 0.003645958850029274, 0.003230339329875278, 0.003178518770109804, 0.003444357910066174, 0.003144607899885159, 0.0033594405900475976, 0.0035777781901197158, 0.0033803488099511014, 0.0038631426399842895, 0.004073113350077619, 0.004099751140001899, 0.004047415959939826, 0.004336856010049814, 0.004437951169911684, 0.004646754920031526, 0.0045834075999300694, 0.004713243139904079, 0.004901209110066702, 0.005126227239998116, 0.007846189350002532, 0.005138955840102426, 0.005120669150073809, 0.005175737049921736, 0.005235727269900963, 0.005774206130063249, 0.007222985659991537, 0.0077208780200271575, 0.01124535119995926, 0.09702145757006292, 0.006121868030077166, 0.00669012197999109, 0.006610987919939362]}