{"error": [2.2367109822937063e-16, 3.287719884550706e-16, 5.954398048883152e-16, 9.09862384728179e-16, 8.333771282903572e-16, 1.0679442338936559e-15, 1.03249599284148e-15, 1.1393313576097405e-15, 1.2338536056028204e-15, 1.35705646570412e-15, 1.3903035255263314e-15, 1.5552767249994984e-15, 1.3217262845150704e-15, 1.5358046642981662e-15, 1.508412632454418e-15, 1.6824967237249645e-15, 1.688628442641516e-15, 1.6848123141279175e-15, 1.5928184266624796e-15, 1.7025480437194277e-15, 1.7538881802142678e-15, 1.9014944244664567e-15, 1.8240247095841215e-15, 1.850411316321511e-15, 1.9477896989282466e-15, 1.6748935734291508e-15, 1.6470774121923821e-15, 0.0030302678189273718, 1.7412795942820984e-15, 1.6551112057514785e-15, 1.875398200402438e-15, 1.887646473694297e-15, 0.045984744312364365, 0.11810415876548089, 0.17121004922699062, 0.24430356087098953, 0.2890750353367471, 0.33393346113476513, 0.35671794270974755, 0.3976629186577577, 0.4089023790930073, 0.4305522317937342, 0.4566945901903925, 0.4768330200729471, 0.48353130099414476, 0.5109027640382108, 0.5398500913835523, 0.5461708281212294, 0.5668711530041609, 0.55768608929329, 0.6023028969958555, 0.6177264004905049, 0.6208325593090849, 0.6739561205394078, 0.7116651962553534, 0.7320095904844106, 0.7630810401682537, 0.8023105565908228, 0.863929591576476, 0.9005971392290765, 1.0233220993022707, 1.2460634112520388, 1.5278388639776106, 2.564400737403129], "cputime": [0.0019805254100000013, 0.0021029110199999954, 0.002366368370000005, 0.0028647407599999885, 0.003255948660000012, 0.0048375301699999885, 0.0044043960899999846, 0.005414392530000005, 0.005483752410000014, 0.005941225550000064, 0.006650926239999997, 0.008094467020000025, 0.008247821850000002, 0.00960037975000004, 0.01083235224000001, 0.011346588360000034, 0.014233003769999896, 0.012446730000000007, 0.013892066990000042, 0.014778018569999923, 0.015996021169999642, 0.01661110138000012, 0.02100292272999983, 0.020189305440000034, 0.021786025730000134, 0.02148504355, 0.03649715912000016, 0.037569467799999895, 0.03190177577999997, 0.029985389280000163, 0.03944912714999965, 0.07545393148000003, 0.916561469210001, 1.0609468925700005, 1.0086133135500015, 1.179790033730003, 1.0401604322199989, 1.1070310961399945, 1.1610915783700022, 1.1595894682899939, 1.4313225949800072, 1.3715605486199933, 1.3837988067700053, 1.3571690952399922, 1.3507294325099906, 1.3561909771100114, 1.3794559535499866, 1.4020834380500082, 1.3887577021199922, 1.4992123801599972, 1.67568645320001, 1.6823166945000048, 1.8959884540799932, 1.9160474860400019, 1.9484212900800093, 2.002109034380005, 2.66147411905999, 2.0535948656600067, 2.13381379724, 1.923975234419986, 1.9773040829899946, 1.943013224409997, 2.2066659268100284, 0.016375669690032738]}