{"error": [2.5885022203449625e-16, 3.6852675959703993e-16, 7.219494520402762e-16, 8.060337565967532e-16, 8.458575894154885e-16, 9.88876153628773e-16, 1.0574628342332299e-15, 1.193389197912146e-15, 1.1324701646855806e-15, 1.2361551188620189e-15, 1.300613858469705e-15, 1.5022356545032864e-15, 1.4291392769358228e-15, 1.5087450614416997e-15, 1.549217638628449e-15, 1.6422007087260674e-15, 1.707943680974254e-15, 1.6616809215106113e-15, 1.7135881498086746e-15, 1.7255435307638741e-15, 1.7792550548782012e-15, 1.7119734916987077e-15, 2.060638022293915e-08, 1.8260542688715035e-15, 1.838912880447076e-15, 1.6026708707797282e-15, 1.6860755018137502e-15, 1.6028905617888837e-15, 1.6449740005313781e-15, 1.6709535886285768e-15, 1.802491258073408e-15, 1.7516450029157673e-15, 1.7025393401345276e-15, 0.004889351619216181, 1.6663478038511909e-15, 0.005042263987963365, 0.006848477055481661, 0.004508387306404838, 0.009353026727488119, 0.014292881035550053, 0.051117005719715135, 0.046321465860321244, 0.05149403055850152, 0.0666472921000211, 0.09695679110357698, 0.14160154826936214, 0.20807091019032042, 0.23897107734516868, 0.2955117037467471, 0.3327385004811625, 0.41815202553953035, 0.49805920704650847, 0.5051865165958347, 0.5352485119989967, 0.5957303462360817, 0.6435665009676795, 0.6348231475360262, 0.6145984274909799, 0.6742685306845165, 0.7205920488529804, 0.7360691779318316, 0.7592199520648863, 0.7961342547394078, 0.7811682997197549], "cputime": [0.0010687471603159793, 0.001737077220604988, 0.0018066131710656919, 0.004030870289716404, 0.0009594302299956325, 0.000974304909905186, 0.0013537374905718024, 0.0013900590609409846, 0.0035605679398577196, 0.0020214612096606287, 0.0035296890100289602, 0.0027352300494385418, 0.005869863019906916, 0.005196614068408962, 0.01300833035071264, 0.009805498159694252, 0.011866283229755937, 0.012658482730475953, 0.014350240949133876, 0.014370448449481045, 0.011527399270562455, 0.013307421301287831, 0.029159426629048538, 0.02918549042980885, 0.03105023259893642, 0.03959804517013254, 0.03817189606081229, 0.041095263379538664, 0.040558336019603305, 0.04673751728027128, 0.046059211989777395, 0.06848632038905635, 0.06602785988041432, 0.05721198984989315, 0.060283653699443676, 0.06325633207990905, 0.07379163031058851, 0.0686033351594233, 0.08746609824098414, 0.08331596230040304, 0.2382547477199114, 0.09906570212973748, 0.10119525223926758, 0.10691065076054657, 0.1300399526504043, 0.13725133796921, 0.15682191806976334, 0.16977026804030174, 0.17067374360893153, 0.17670790113901602, 0.1797617510490818, 0.18633667630085257, 0.22765919090888928, 0.1955603815992072, 0.208999529669818, 0.2081760845001554, 0.2019158169000002, 0.22283450279021053, 0.3579171984201821, 0.205426728779712, 0.2076963807811262, 0.22621247382950968, 0.20777467155989143, 0.22031299083129852]}