{"error": [1.3242086889463142e-16, 3.2765490998115335e-09, 2.923954706272334e-09, 2.7866960242928394e-09, 2.9407837641709855e-09, 3.0055712555600897e-09, 2.9822489548353295e-09, 2.635856938907221e-09, 2.8182327988892372e-09, 2.621109909500079e-09, 2.7434026596832268e-09, 2.6643817746125424e-09, 2.743786381223293e-09, 2.741687339173793e-09, 2.7538880887070144e-09, 2.7331006916204654e-09, 2.807036240585284e-09, 2.8007338586645445e-09, 2.924352680915734e-09, 2.9132631418089868e-09, 3.0897680199651398e-09, 3.0726089643614497e-09, 3.0737938908580656e-09, 3.170319292714525e-09, 3.3500152172398954e-09, 3.2901113696081604e-09, 3.409488037246294e-09, 3.352153833907262e-09, 0.0015218732258406005, 0.003594340089186729, 0.003560446089023311, 0.025947395698017916, 0.047542014888151414, 0.04589103259936085, 0.13271037140402028, 0.11775387452644293, 0.10831642738921875, 0.1967740169097755, 0.22783518659562974, 0.2676437452889504, 0.36791739704634013, 0.3729135451697045, 0.41349721526476374, 0.43282042818311534, 0.46688172784460297, 0.5049759211827687, 0.5052541745613419, 0.5382498293038126, 0.547373090114402, 0.5517310694943486, 0.5820507749055956, 0.5998833575184628, 0.6065552229805176, 0.6256391814992771, 0.6336453259736861, 0.641424301216625, 0.6699089033141391, 0.6783928662414535, 0.6935183154511428, 0.6756504541058928, 0.6999592804758805, 0.705718595412, 0.7139976965856115, 0.7027787510079506], "cputime": [0.0004224814100189178, 0.002878449549996276, 0.004398191699990548, 0.005281323649987826, 0.005762665340005242, 0.0067653666600131146, 0.0074601931800089005, 0.008558008529994367, 0.0088646655400089, 0.017970288800008803, 0.010903694290020667, 0.012931871850014431, 0.016847277530014252, 0.017132348779985023, 0.014553187280005203, 0.019893970790005825, 0.016781847399986418, 0.02128692343000921, 0.02349859259999448, 0.022605159170000208, 0.021825573150015317, 0.024600112829984935, 0.02913518644999158, 0.031097529720009332, 0.02723214330000701, 0.029238448639996476, 0.036688794249992045, 0.03420439079001426, 0.040078603519993976, 0.03983907277000981, 0.045312848830003534, 0.04800594791000321, 0.05007076318000145, 0.04674312892001353, 0.05093450407999626, 0.06349649932000374, 0.054172228200011434, 0.05227641229000255, 0.04484938288000876, 0.04731646109001076, 0.04422434498998655, 0.04690217686000324, 0.04579521757999601, 0.04803750310000168, 0.04504545147000044, 0.046415406920007174, 0.05048407188000283, 0.05171609294000973, 0.05714503749999721, 0.046981596240018464, 0.06489954020997629, 0.1929971294099937, 0.04594272777999322, 0.04969038009001906, 0.04926281478999272, 0.05349964275000048, 0.04714420846999928, 0.048424871199997596, 0.05058957026000371, 0.05327650329000335, 0.06658832451998478, 0.06432008140999187, 0.06259899440001618, 0.0565073155900086]}