{"error": [3.0840975423062466e-16, 5.162463049975763e-16, 8.597890984166984e-16, 8.823518820529687e-16, 9.819558557534448e-16, 9.874424694124371e-16, 0.002048875138568845, 0.008388065782780946, 0.018424912490984012, 0.032560098994525374, 0.0661889090049022, 0.07300762141637568, 0.13842602393386375, 0.15175116856286042, 0.21299757583740322, 0.2630443054921489, 0.2980167858442497, 0.2888933673186043, 0.3524714443034666, 0.3390518505767077, 0.39251477511868244, 0.428373691388286, 0.45410777097483224, 0.5022911851188038, 0.5409088051148369, 0.6349487884587668, 0.7592518858389934, 0.6408619850002547, 0.6830777366376911, 0.6877949234096258, 0.6955065773673046, 0.7003541898732363, 0.7128388761285029, 0.7162135129253329, 0.7203823951361875, 0.7192022822464399, 0.727015500176268, 0.7319826017598533, 0.7353236146138186, 0.7335508381582099, 0.7397445509580973, 0.747670274065461, 0.7470015118997978, 0.7481454281689325, 0.7535355287551287, 0.7570088597228546, 0.7547101507591583, 0.7548911765064923, 0.7593383540239871, 0.7645913716049749, 0.7667657763923227, 0.7670317592294549, 0.7722888921956844, 0.7723300216258673, 0.7729437979317966, 0.7705494518799476, 0.7722448729144457, 0.7719137755103557, 0.7760614826866364, 0.7771024349486777, 0.7790590643876313, 0.7801037628329555, 0.7797819160256853, 0.7800500301630212], "cputime": [0.0013687250096700153, 0.0016682921297615394, 0.0014268763206200675, 0.0016376478294841945, 0.003464895369397709, 0.003857938790315529, 0.007583364521124168, 0.01539776453995728, 0.027185071839630835, 0.04689070540945977, 0.08982171201976598, 0.09328586119954707, 0.16415605985021103, 0.180592267880711, 0.26334352968944585, 0.3113815340492874, 0.4048015782298171, 0.43842934362939556, 0.5000620696200349, 0.5135732116308646, 0.6183388184696378, 0.6851215235998097, 0.80864634543992, 1.070226721610088, 0.8572542313895246, 0.7720597577908483, 0.8820723686191195, 0.8550065340311267, 0.888067715070647, 0.8717419241093739, 0.9068986802398286, 1.0129243273688189, 1.2553053955711948, 1.081947782238567, 1.0701167951202661, 1.2078914844704558, 1.2267335503197683, 1.3220506288693286, 1.3006448752600408, 1.275297942529578, 1.3243199818499851, 1.3281547367695021, 1.3379532721205032, 1.3419757516102981, 1.3641398830601248, 1.3886576364797656, 2.1023058808401403, 1.4630510942490946, 1.6426469779899344, 1.5559145045107288, 1.7784993172808026, 1.5059424915592536, 2.091052839649783, 1.6628787221494712, 1.8745981973710877, 1.733065157399833, 1.8581676191995211, 1.7472687028987275, 1.986305793250067, 2.1696403411400387, 1.9149437989809668, 2.0635883285895398, 1.8784110834402963, 2.1325531638707615]}