{"error": [2.583397600971846e-16, 3.3202000471981437e-16, 6.141023833287817e-16, 9.333850278466928e-16, 8.907970011999765e-16, 1.0315522348235324e-15, 1.0413490941531856e-15, 1.0768719521791755e-15, 1.2658614170499207e-15, 1.3554426700029311e-15, 1.34616207513955e-15, 1.594402342525159e-15, 1.4753410398920253e-15, 1.4360861789278228e-15, 1.5756048803225624e-15, 1.556714974104503e-15, 1.6185070360919743e-15, 1.5271365947572796e-15, 1.6595173155855366e-15, 1.784057636384825e-15, 1.7442509138394394e-15, 1.7411803381368655e-15, 1.8307974155421527e-15, 1.739919091132788e-15, 2.0020223643933487e-15, 1.634418171957893e-15, 1.662335646354548e-15, 1.668594644241465e-15, 1.6339173670322885e-15, 1.7692073389917471e-15, 1.7103515182389465e-15, 1.75776540786622e-15, 1.7444164315564146e-15, 1.858252530046556e-15, 0.0078202438702951, 1.753865593398619e-15, 1.7138057076023233e-15, 1.8173935273979454e-15, 0.006818183160060509, 0.022034889351894193, 0.03358217788983741, 0.054389145235957594, 0.08105563684022567, 0.06848689595209473, 0.10830011756368982, 0.20379468386256383, 0.20122323651904486, 0.2453568078385427, 0.34818663873970235, 0.3479427281145426, 0.43493585592015743, 0.43452995843276276, 0.5017604150888608, 0.5426928489300079, 0.5270713598791925, 0.6118202507375027, 0.6283473823655874, 0.705617916172918, 0.6864688179216529, 0.7076826441181013, 0.7508488535484099, 0.7683150004638795, 0.7629775403354105, 0.7998639057671026], "cputime": [0.0018679630400015412, 0.002467019789991127, 0.0030704795700023622, 0.0034565508100047283, 0.0015650097100046879, 0.0017687335900006928, 0.0023862220500018337, 0.0037943821400062915, 0.0033319870899970283, 0.004805419090002943, 0.00408876123000141, 0.004498821300004465, 0.005363429750001387, 0.0058240568699989125, 0.006083829159997549, 0.011061100800003488, 0.011056130450001547, 0.009475338479991251, 0.011639947299998994, 0.013683788940006707, 0.014677808300002653, 0.016854842160004182, 0.02964293368999961, 0.029579286040002442, 0.03228846787999828, 0.03752110558999789, 0.0394160529199894, 0.04443538959999842, 0.04880653674000428, 0.047833583529993576, 0.05290503571999693, 0.05693625922000706, 0.05767312267000761, 0.062236066470002245, 0.06398761081999851, 0.06925202035999291, 0.07393936828999813, 0.07829972846000147, 0.08159148617000256, 0.08793473949998656, 0.1026696089300026, 0.09968471470000168, 0.11638067067999486, 0.11784470768999768, 0.1314092803500023, 0.15132522073999552, 0.2988053378799964, 0.181730567850002, 0.19636872321000168, 0.19731142496000756, 0.21912105837999207, 0.2202595030899988, 0.2152454562700018, 0.2219376223200038, 0.2319502390400112, 0.21295040533998644, 0.19772066373999905, 0.19778264069998386, 0.19246265481999444, 0.1955706488499891, 0.20362015956001414, 0.19489100928001335, 0.34051383293001436, 0.21961797618001355]}